tax_id,R31,R34,C1,R55,R37,R1,R22,R48,R7.b,R11,R36,R13,R43,R51,R32,R3.1,R53,R56,R1.1,R5.2,R20_19,R4,R41,R33,R50,R16,R14,R29,R5.1,R24,R54,R39,R15,R35,R10,R27,R21,R44,R40,R7.a,R38,R6.b,R49,R19,R18,R28,R25,R52,R46,R3.2,R30,R45,R42,R2.2,R12,R23,R26,R47,R6.a,C2,R9
8638,,,,,,,,,,,,,,,,,,,,,,,,,,,,,,,2.007549368,,,,1,,,,,,,,,,,,,,,,,,,,,,,,,,
4417,,,,,,,,,,,,,,,,,,,,,,,,,,,,,,,,,,,,,,,,,,,,,,,,,,,,,,,,,,,,,
2446,,1,,,,,,,,,,,,,,,,,,,,,,,,,,,,,,,,,,,,,,,,,,,,,,,,,,,,,,,,,,,
8652,,,,,,,,,,,,,,,,,,,,,,,,,,,,,,,,,,,,,,,,,,,,,,,,,,,,,,,,,,,,,
1822,,,,,,,,,,,,,,,,,,,,,,,,,,,,,,,,,,,,,,,,,,,,,,,,,,,,2.003552398,,,,,,,,,
876,,1.350075503,,,,,,,,,,,,,,,,,,,,,,,,,,,,,,,,,,,,2.301171291,,2.000413223,,,,,,,,,,,1.086536717,,,,,,,,1.253658005,,
7047,,,,,,,,,,,,,,,,,,,,,,,,,,,,,,,,,,,,,,,,1.000930702,,,,,,,,,,,,,,,,,,,,,
590,,,,,,,,,,,,,,,,,,,,,,,,,,,,,,,,,,,,,,1.997440013,,,,,,,,,,,,,,,,,,,,,,,
5911,,,,,,,,,,,,,,,,,,,,,,,,,,,,,,,,,,,,,,,,,,,,,,,,,,,,,,,,,,,,,
4772,,,,,,,,,,,,,,,,,,,,,,,2.002525253,,,,,,,,,,,2,,,,,,,,,,,,,,,,,,,,,,,,,,,
8,,,,,,,,,,,,,,,,,,,,,,,,,,,,,,,,,,,,,,,,,,,,,,,,,,,,,,,,1.001086957,,,,,
687,,,,,,,,,,,,,,,,,,,,,,,2.00401934,,,,,,,,,,,,,,,,,,,1.066648161,,,,,,,,,,,,,,,,,,,
2647,,,,,,,,,,,,,,,,,,,,,,,,,,,,,,,,,,,,,,,,,,,,,,,,,,,,,,,,,,,,,
13091,,,,,,,,,,3.083769544,,,1,,,,,,,,,,,,,,,,,,,,,,,,,,,,,,,,,,,,,,,,,,,,,,,,
15486,,,,,,,,,,,,,,,,,,,,,,,,,,,,,,,,,,,,,,,,,,,,,,,,,,,,,,,,,,,,,
9661,,,,,,,,,,,,,,,,,,,,,,,,,,,,,,,1.002421767,,,,,,,,,,,,,,,,,,,,,1.001776199,,,,,,,,,
18077,,,,,,,,,,,,,,,,,,,,,,,,,,,,,,,7.015555556,,,,,,,,,,,,,,,,,,,,,,,,,,,,,,
14061,,,,,,,,,,,,,,,,,,,,,,,,,,,,,,,,,,,,,,,1,,,,,,,,,,,,,,,,,,,,,,
15859,,,,,1,,,,,2,,,,,,,,,,,,,,,,,,,,,,,,,,,,,,,,,,,,,,,,,,,,,,,,,,,
14835,,,,,,,,,,,,,,,,,,,,,,,,,,,,,,,,,,,,,,8.124078904,,,,,,,,,,,,,,,,,,,,,,,
16584,,,,,,,,,,1,,,,,,,,,,,,,5.006313132,,,,,,,,,,,,,,,,,,,,,,,,,,,,,,,,,,,,,,
88,,,,,,,,,,,,,,,,,,,,,,,,,,,,,,,,,,,,,,2.006824368,,,,,,,,,,,,,,,,,,,,,,,
12601,,1,,,,,,,,,,,,,,,,,,,,,2.002525253,,,,,,,,1.002222222,,,,,,,,1,,,,,1,1.002192982,1.001257862,,,,,,,,,,1.001086957,,,,,
17592,,,,,9.005554471,,,,,,,,,,,,,,,,,,,,,,,,,,,,,,,,,,,,,,,,,,,,,,,,,,,,,,,,
4609,,,,,,,,,,,,,,,,,,19.83307692,,,,,,1.042958231,,,,,,,,,,,,,,,,,,,,,,,,,,,,,,,,,,,,,
3972,,,,,,,,,,,,,,,,,,,,,,,,,,,,,,,,,,,,,,,,,,,,1.000012341,,,,,,,,,,,,,,,,,
7688,,,,,1,,,,,,,,,,,,,,,,,,,,,,,,,,,,,,,,,,,,,,,,,,,,,,,,,,,,,15.30060853,,,
6637,,,,,,,,,,,,,,,,,,,,,,,,,,,,,,,,,,,,,,,,,,,,,,,,,,,,,,,,,,,,,
1584,,,,,,,,,,,,,,,,,,,,,,,,,,,,,,,,,,,,,,,,,,,,,,,,,,,,,,,,,,,,,
394,,,,,,,,,,,,,,,,,,,,,,,,,,,,,,,,,,,,,,,,,,,,,,,,,,,,,,,,,,,1,,
5839,,,,,,,,,,,,,,,,,,,,,,,2.002525253,,,,,,,,,,,,,,,,1,,,,,,,1.00133793,,,,,,,,,,,,,,,
9519,,,,,1,,,,,,,5.007052186,,,,,,,,,,,,,,,,,,,,,,,,,,,2,,,,,,,,,,,,,,,,,,,,,,
3508,,,,,,,,,,,,,,,,,,,,,,,,,,,,,,,,,,,,,,,,,,,,,,,,,,,,,,,,,,,,,
13,,,,,,,,,,,,,,,,,,,,,,,,,,,,,,,,,,,,,,,,,,,,,,,,,,,,,,,,,,,,,
3537,,,,,,,,,,,,,,,,,,,,,,,,,,,,,,,,,,,,,,,,,,,,,,,,,,,,,,,,,,,,,
2170,,,,,,,,,,,,,,,,,,,,,,,,,,,,,,,,,,,,,,,,,,,,,,,,,,,,,,,,,,,,,
3051,,,,,,,,,,1,,,,,,,,,,,,,,,,,,,,,,,,,,,,,,,,,,,1.002192982,,,,,,,,,,,,,,,,
10365,,,,,,,,,,,,,,,,,,,,,,,,,,,,,,,2.026561639,,,,,,,,,,,,1.002089864,,,,,,,,,,,2.002664775,,,,,,,
9071,,2,,,2,,,,,,,,,,,,,,,,,,,,,,,,,,,,,,,,,,,,,,1.002089864,,,,,,,,,,,,,,,,,,
249,,,,,,,,,,,,,,,,,,,,,,,,,,,,,,,,,,,,,,,,,,,,,,,,,,,,,,,,,,,,,
7058,,,,,,,,,,,,,,,,,,,,,,,,,,,,,,,,,,,,,,,,,,,,,,,,,,,,,,,,,,,,,
10857,,,,,,,,,,,,,,,,,,,,,,,,,,,,,,,,,,,,,,,,,,,,,,,,,,,,,,,,,,24.08861461,,,
1502,,,,,,,,,,,,,,,,,,,,,,,,,,,,,,,,,,,1,,,,,,,,,,1.002192982,,,,,,,,,,,2.002173913,,,,,
15381,,1,,,1.000000001,,,,,2,,,,,,,,,,,,,1.001262629,,,,,,,,,,,,,,,,,,,,,,,,,,,,,,,,,,,,,,
106,,,,,,,,,,,,,,,,,,,,,,,,,,,,,,,,,,,,,,2.002140394,,1.000997637,,,1.004715135,,1.002292507,,,,,,,,,,,,,,,,
5318,,,,,,,,,,,,,,,,,,,,,,,,,,,,,,,,,,,,,,,,,,,,,,,,,,,,,,,,,,23.39210942,,,
5356,,,,,,,,,,,,1.00361976,,,,,,,,,,,,,,,,,,,,,,,,,,,,,,,,,2.004385902,,,,,,,,,,,,,,1,,
18074,,,,,,,,,,,,,,,,,,,,,,,,,,,,,,,,,,,,,,5.00533049,,,,,,,2.004385965,,,,,,,,,,,,,,,,
6493,,,,,,,,,,,,,,,,,,,,,,,,,,,,,,,1.002222222,,,,,,,,,,,,,,,,,,,,,,,,,,,,,,
15759,,,,,,,,,,,,,,,,,1,,,,,,,,,,,,,,,,,,,,,,,,,,,,,,,,,,,,,,,1.001086957,,,,,
8255,,,,,1.000138776,,,,,1.000000012,,,,,,,,,,,,,,,,,,,,,1.002222222,,,,,,,,,,,,,,,,,,,,,,,,,3.008962186,,,,,
179,,,,,,,,,,,,,,,,,,,,,,,,,,,,,,,,,,,,,,1.125540061,2,,,,,,,,,,,,,,,1.001335113,,1.001086957,,,,,
7087,,,,,,,,,,,,,,,,,,,,,,,,,,,,,,,,,,,,,,,,2.009436106,,1.000008698,,,,,,,,,,,,,,,,,,,
851,,2.640992973,,,,,,,1.019643905,,,1.295917054,,,,,,,,,,,,1.010079756,,37.38912936,15.13972687,,,,,,,5.469400216,,,,2.403537084,,,,,,,,,,,,,,,5.288402844,,,,,,2.759466031,,
7045,,,,,,,,,,,,,,,,,,,,,,,,,,,,,,,,,,,,,,,,,,,,,,,,,,,,,,,,,,38.57164506,,,
8497,,,,,,,,,,,,1.001410437,,,,,2.003288867,,,,,,3.003787879,,,,,,,,2.004444444,,14.29836381,,,,,,,,,,,3,,,,,,,,,,,,,,,,,
1416,,,,,,,,,,1.000000002,,,,,,,1,,,,,,,,,,,,,,,,,,1.000000001,,,,,,,,,1.999999949,,,,,,,,1.001776809,,,,,,,,,
6684,,,,,1,,,,,1,,,,,,,,,,,,,,,,,,,,,,,,,,,,,,,,,,1,,1.001257862,,,,,,2.003552398,,,,,,,,,
181,,,,,,,,,,,,,,,,,,,,,,,,,,,,,,,,,,,1,,,,,,,,,,2.004385965,1.001257862,,,,,,,,,,5.005434783,,,,,
6046,,,,,1,,,,1.006339144,1,,,,,,,1,,10.41029207,,,,1.001262626,,,,,,,,,,,,2,,,,,,,,,,1.002192982,2.002512388,,,,,,,2,,,,,,,,
2734,,,,,,,,,2.012720105,2,,,,,,,1,,,,,,,,,,,,,,,,,,,,,2.002297357,,,,,,,,,,,,,,,,,,,,17.43980719,,,
9950,,,,,,,,,,,,,,,,,,,,,,,,,,,,,,,,,,,,,,,,,,,,,,,,,12.33629537,,,,,1.001335113,,,,,,,
569,,,,,,,,,,,,1.001410437,,,,,,,,,,,,,,36.4780127,,,,,,,,,,,,,,,,,,,,,,,,,,,,,,,,,,,
27,,,,,,,,,,,,,,,,,1,,,,,,2.002525253,,,23.68471209,,,,,,,,3,,,,,,1.000000135,,,,,,,,,,,,,,,,,,,,,
12812,,,,,,,25.62089116,,,,,,,,,,,,,,,,,,,,,,,,,,,,,,,,,,,,,,,,,,,,,,,,,,,,,,
30,,,27.55102041,,,,,,,,,,,,,,,,,,,,,,,,,,,,,,,,,,,,,,,,,1,,,,,,,,,,,,,,,,,
18692,,,,,,,,25.28675903,,6,,,,,,,,,,,,,1.005617897,,,,,,,,,,,,,,,,,,,6.229065901,,,,,,,,,,,,,,,,,5,,
2091,,,,,,,,,,,,,,,,,,,,,,,,19.62544681,,,,,,,,,,,,,,,,,,,,,,,,,,,,,,,,,,,,,
222,,,,,,,,,,,,,,,,,,,,,,,,,,,,,,,,,,,,,,,,,,,2.004559066,,,,,,,,,,,,,,,31.09728456,,,
6385,,,,,,,,,,2.924884336,,,,,,,,,,,,,,,,,,,,,,,,,,,,,,,,,,,2.004412434,,,,,,,,,,,,,,4,,
1385,,,,,2,,,,,1,,,,,,,,,,,,,,,,,,,,,1.002421667,,,,,,,,1,,,,,,2.004385968,,,,,,,,,,,,,,,,
1064,,,,,1,,,,,9,,,,,,,,16.73003802,,,,,,,,,,,,,,,,,,,,,,,,,,,2.004385965,,,,,,,,,,,,,,,,14.07197758
4992,,,,,,,,,5.031697667,4.971987767,,,,,,,,,,,,,,,,,,,,,,,,,,,,,,28.99956636,,1,,,,,,,,,,,,,,,,,1,,
15416,,,,,3.996867968,,,,,1,,,,,,,1,,,,,,2.002525341,,,,,,,,,,,,,,,,,,,,,2.621699715,,,,,,,,4.007096214,,,,,,,,,
4895,,1.000000046,,,,,,,1.008721275,1.544074452,,,,,,,,,,,,,1.980178441,,,,,,,,1.05143454,,,,2.000947624,,,1.013081161,,,,,,1.000001236,,2.806614765,,,,,,2.003552398,,,,2.002173866,,,1,,
17239,,3,,,1,,,,,,13.72566564,,,,,,,,,,,,1.001262626,,,,,,,,5.011111111,,,,,,,,2,1,,,1.002089864,,,,,,,,,,1,,,,,,,,
5389,,,,,,,,,,,,,,,,,1.069461488,,,,,,,52.11973202,,,,,,,,,,,,,,,1.027288769,1.356234584,,,,1.010883636,,,,,,,,,8.24349669,1.184056767,,,,,,,
6338,,,,,,,,,,,,,,,,,1,,,,,,2.002679855,,,,,,,,,,,,1,,,,,,,,,,,,,,,,,,,,,,,,,,17.55104834
1348,,,,,1.999999997,,,,,,,,1.000000015,,,,,,,12.28855721,,,,1,,,,,,,,,,2,,,,,,,,,,1,2.004385965,,,,,,,,,,,,,,,,
11780,,,,,,,,,,,,,,,,,,,,,,,,,,,,,,,,,,,,,,,,,,,,,,,,,,,,,,,,,,63.06091627,,,
17999,,,,,,,,,,,,,,,,,,,,,,,,,,,,,,,,,,1.000000003,1,,,,1.00175762,,,,,,2.005658812,,,,15.17019066,,,,1.07967117,,,,,,2.077171918,,
15924,,,,,,,,,,,,,,,,,,,,58.37064677,,,,1,,,,,,,,,,,,,,,,,,,,,,,,,,,,,,,,,,,,,
4453,,,,,,,,,,,,,,,,,,,,,,,,,,,,,,,5.011110287,,,,,,,,,,,,,,4.00877193,1.001318648,,,,,,1.001786589,,,,4.004347826,,30.83944669,,,
8098,,,,,,,,,1.006339144,,,,1,,,,,,,19.45688226,,,,,,,,,17.19914347,,,,,,,,,,,,,,,1,2.004385965,,,,,,,,,,,1.001086957,,,,,
12609,,,,,,,,,,,,,,,,,,,,,,20.4785354,,,,,,,,,,14.30554306,,1.000052833,1.076898719,,,,,,,3.865256583,,,,,,,,,,,,,,,,,3.454713815,,
4910,,1,,,2.837194972,,,,,,,,,,,,1,,,,,,,,,,,,,,,,,,,,,,,,,,2.004179728,,1.502672732,,,,,,,,,1.001335113,,,,55.41853318,,,
18538,,,,,,,,,,,,,,,,,,,,,,,,,,,,,,,,,,,,,,,,,,1,2.004179728,,,,,,,,,,,,,,,78.66623228,,,
3181,,,,,,,,,,,,,,,,,,,,,,,,,,,,,,,,,,,,,,,,,,,,,,,,,,,,,,,,,,102.352411,,,
9574,,,,,,,,,,26.23806615,,,,,,,,,,,,,,,,,,,,,26.05777778,,,,,,,,,,,1.000175857,,,3.006578947,,,,,,,,,,,,,,,,
5855,,6.000000485,,,3,,,,,1,,,,,,,1,,,,,,,2.999998847,,,13.98879103,,,,1.058622407,,,,,,,,,,,,,1,,2.002515723,,,,,,1.001776199,,,,1.001086957,,,,,
15159,,4.000003511,,,2,,,,1.037694243,,,,,,,,2,,,,,10.43596465,,,,,,,,,2.005287319,,,,2,,,,,,,,,3.938357508,2.009186009,,,,,,,,,,,,,,,,
4355,,2,,,2.000000001,,,,,1,,,,,,,2,,,,,,2.002525253,,,,,,,,3.006666667,,,,,,,,3,1,,,,1,6.01505778,,,,,,,2.003552398,,,,1.001086957,,,2,,
13786,,2.969078725,,,4.996032301,,14.10696614,,,,,,,,,,12.99657367,,,,,,1.001580165,,,,,,,,2.004724833,,,,3.025633294,,,,,,,,,1.003835782,,,,,,,,9.047720189,,,,,,,,,
2806,,,,,,,,,,,,,,,,10.49679487,1,,,,,,,,,,,,,,1.004734567,,,,,,,9.009594883,,,,,,1,,,32.89312977,,14.0774782,,,,4.000000144,,,1.001086957,,,,,
16841,,,,,,,,152.0122801,,,,,,,,,,,,,,,,,,,,,,,,,,,,,,,,,,,,,,,,,,,,,,,,,,,,,
838,,3.848932159,,,,,,,3.481345376,1.834376845,,,,,,,,,,,137.5997037,,10.05267222,8.968902679,,,,,,,,,,27.0122684,,17.76788379,,,8.837593964,,,5.135414416,1.677150406,27.3439715,1.005239275,,,,,,8.112729151,,3.038347151,,,,,,,,
496,,,,,,,,,,,,,,,,,,,,,,,,,,,,,,,,,,3,,,,,,,,1,,,,,,,,,,36.67749567,,,,,,,,,
7328,,2,,,3,,,,,1,,,,,,,,,,,,,6.007575717,,,,,,,,2.004444444,,,5,3,,,,,,,,,2,5.010964912,1.001257862,,,,,,,,,,1.001086957,,,,,
6828,,,,,1,,,,11.20841556,,,,,,,,,,,,,45.72938005,6.22342059,1,,,,,,,,,,,,,,,38,6.999999981,,,,,,,,,,,,,,,,,,,,,
3327,,,,,,,,,,,,,,,,,,,,,,,,,,,,,,,,,,,,,,,,,,,,,,,,,,,,,,,,,,114.0163134,,,
91,,,,,,,17.42220612,142.3865965,,,,,,,,,,,,,,,,,,,,,,,,,,,,,,,,,,,,,,,,,,,,,,,,1.001086957,,,,,
3776,,1.001277779,,,1,,,,4.025356571,,,,,,,,,,14.5744089,,,,1.001262626,,,,,,,,4.009782573,,,1,4,,,,1,,,,,2,5.013679624,2.002514603,,,,,1.001360544,1.00306832,1,,,1.001086957,,,,,
9765,,6,,,6.999999955,,,,,,15.89172811,,,,,,1.999997764,,,,,,3.003787879,1,11.82093927,,,,,,4.008888889,,,5.000949534,1,,,,3.00000001,,,,6.012583855,1.002046914,,1.001257862,,,,,,2.003552398,1,2.011177379,,,,,,,
5127,,,,11.27739724,,,,,,19.99976012,,,,,,,2,,,,,,,,45.17243087,,,,,,,,,,,,,,,,,,,,8.582986315,,,,,,,,,,,11.01195652,,,,,
5579,,,,,,,,,,,,,,,,,,,,,,,,25.07339552,,,,,,,,,,4.555643498,2.009313895,16.63288203,,,2.927835343,,,,,,,7.133762822,,,,,20.86763539,,13.37657088,,,,,,,,
10114,,1.000012138,,,1.003132032,,28.66316359,,,,12.66815904,3.004231312,,,,,,16.12541086,,,,,,1,,,,13.99414321,,,4.994264916,,,,1.999890875,,,,,,,1.99999994,,4.000802685,,1.001257862,,,,,,10.01699201,,,,13.01764439,,,,,
19560,,,1.020408163,,1,,,,,,,,,,,,,,,36.86567164,,,,,,,,46.2866242,,,,,13.10683349,,,,,,,,,,,,,,,,,,,,,2.002670227,,,,,,2,
36,,,,,,,,,,,,,,,,,,,,,,38.60925264,,43.01108112,,,,,,,,17.19981529,,,,,,1.001066098,,,,35.26329813,,,,3.004069978,,,,,,,1,,,,,,24.54331931,,
10539,,10.00000099,,,,,13.54036472,,2.012779051,1,,,,,,,,16.70678984,,,,,1.961175037,,,19.16867118,,,,,16.4714259,,,,2.001007081,,,5.156447098,,2,,,,1,,4.004968257,,,,,,2.030896773,,,,3.007144806,,,,,
9678,,,,,,,23.02037598,,16.75090318,,,,,,,,,,,,,36.15925674,,,,,,,,,,,,,,,,,,24.99283682,,,28.17319305,,3.850691299,,,,,,,,4.014421148,,,,,,,,
10465,,,,,5.014907048,,,,,,,,,20.34017948,,,,,,,,,,,,,,,,,3.992664076,,,,1.005592757,,,,,,,,,1.99322828,1.051437938,2.962615487,,,,,,5.081653025,2,,,6.80874747,28.20455275,,,,
227,,3.005491008,,,2.316330485,,,,,3,,,,,20.69936039,,2,17.75623531,,,,,9.011604455,2.003719692,,,,,,,5.180191266,,,1,1,,,,3.999910181,,,,,7.031803339,,2.002515724,,,,,,1.001776199,3.000970501,,,3.003731064,,,,,
4958,,,,,2,,,,,1,95.01938737,1.001410437,,,,,,,,,,,9.037633117,,,,,,,,2.004455778,,,1,,,,,,,,,,2,,1.034062782,,,20.57477477,,,,,,,1.001088268,,,,,
76,,10,,,45,,,,,,,,,,,,,,,,,,,,,,,,,,,,,87.99691974,,,,,,,,,,,,,,,,,,,,,,,,,,17,
1036,,1.021772759,,,,20.28072311,13.34327273,,,2.000016742,,,,20.13617838,,,2.00115496,,,,,,,2,,,,,,,2.029788231,,,,,,,1.001066098,,,,,2.210805209,5.913913249,2.004385965,,,,,,,1.014236587,,,,,,51.768497,,,
21,,,,,3.000004611,,,,,1.00000001,,,,,15.80697193,,1.049772217,,,,,,1.001321644,,,,,,,,12.14660577,,,1,,,,4.004264392,,,,,,,1.506375741,4.317927999,,,,,,3.039066703,,,,3.71173988,,140.2245704,1.000671008,,
7138,,,,,,,,,,33.96558491,,,,,63.29504447,,2,,28.1077886,,,,3.002414868,,,,38.73819055,,,,,,13.10683357,,,,,2.05788167,,,,,,,,,,,,,1.001360544,,,16.02269444,,3.00326087,,,,,
5296,,,,,1.999999999,,,,,8.001951242,,,,,33.37391802,,,,,,,11.43233837,4.006211945,,,18.88956719,,,,,29.07574537,13.64280021,15.48989413,4,2,,,1.009387624,1.000079154,1,,,,10.3594114,2.004386892,3.986108132,,,,,1.001360544,2.003552434,2.000063369,1.002982079,,5.004626494,,,,,17.36995589
6036,,1.179663563,,,,,,17.22261458,,,,,,,,,,,,,,,1.001262626,,31.12257496,,50.58905667,,,,31.41136897,,,2.958823853,28.06517018,,,1.001066098,,,,,1.002089864,1.000000045,,36.13501415,,,,,,,,,,,,,2,,
4780,,8.673555094,,,15.01687205,,,,3.019060982,6.455925548,72.84770371,3.004231312,,,,,,,,,,,10.03482691,,,,18.29303443,,,,3.006666667,18.89004175,,5,,,,,2,4,,,1.002089864,,11.02412281,1.001257862,,,,,3.004081633,,2,1.001335113,,1.001086957,,,,,
74,,,,,1,19.17485737,,,,5.2001305,,,,,,11.54653567,2.001953032,,,,,,,1,,,27.71397542,,,,,,,2,,,,34.89449502,,1.000006839,,,,,3.006680683,,,,,1.032258065,2.002721088,1.010534631,5.05682378,4.972510581,,1.00108697,,69.81990759,,,
14393,,6.021048256,,,3.015781997,,13.98415219,,,1.000000001,,,,,50.25777747,,13.99247542,,,,15.24935661,,,3,,,,,,,5.002714144,,14.46330819,,2.654539182,,,1.017166665,1,,,,,9.092711451,2.004385965,6.064379357,,,,,,5.875199033,,1.001335113,,7.438550846,,,,,47.69091568
4724,,25.01959288,,,,,32.79555183,,2.018370828,,,,,,21.78319054,,,108.5572494,,27.64925373,,14.55024855,11.02989073,,,22.1974118,58.10395986,,,,,,13.3131841,1,,,,,3,,,1,,,,,,,,,,,,,,,,,,,
18587,,5.012869347,,,,,,,2.017647756,,16.82404734,,,,,,,,,,,,8.848908668,4.015358737,,,21.51725258,,,,,,,4.996101376,10.04734481,51.76074718,,75.91862996,8.993309605,1.061652205,,,5.086826429,9.394205401,,13.1684029,,,,,25.12964032,,4.092209496,9.882371586,,1.018908995,,,,,
9868,,,,,,,19.47187728,15.13226419,4.025361774,,,,,,,,4.000089939,,,,,,2.003363782,,,119.6560819,46.49885348,,,43.62934363,,,,4,,,59.20299906,,,1,,,8.696559178,,,,,,38.3893392,,,,2.000519397,,,7.007608696,,,2,,
unassigned,6,13,4,13,21,141,59,19,6,7,13,3,1,23,15,12,8,57,14,10,9,9,10,11,9,6,20,19,65,16,2,237,11,21,3,13,3,3,16,4,22,5,4,20,14,10,11,9,8,2,5,5,4,10,14,4,6,4,4,1,56
6100,33.60502238,1.999990602,,,10.98526626,29.49141326,,,2.012678288,2.000000001,,2.002820874,,56.36783182,,,3,17.85703879,,,,14.49975404,,,,18.23295223,,,,,13.24831459,,,1.000081922,5.994408237,,,3.65080859,2,,,,,14.00746469,1.002192982,7.049966229,32.85148089,,,,,15.94949545,,,30.05582795,21.35665886,25.25879988,,,,
172,,19.98529359,,,13.92926869,,44.70001877,,2.012678288,4.60732119,26.16961838,,,,14.18313097,,47.8283819,18.37111861,,,,,10.12116722,,34.56088854,,29.6373404,19.02951781,,,8.678477732,14.87060621,17.50907213,1,,,,,1,1,,,2.00471523,10.70973666,,1.001257862,13.95567729,,,,,2.131828442,,1.00134797,,7.019711645,,,,,
1360,,4,,,14.9999736,,,19.37512243,1.006339144,11.00885592,45.39097577,,22,,,,,,,77.82752902,,,10.01514183,,25.73690165,,,23.68152866,,13.45092416,9.019801638,14.62685866,,5.638455231,6.000000254,,18.96862234,1.003860014,2,1,,,2.004179728,4,6.016060603,3.017362311,,,,,,5.008880995,2.001740072,,18.17468706,2.002173913,12.65046729,,4,,
7716,24.36204094,45.57395284,,,,,,,3.082785212,,47.40456968,,,,,,,,,,,,2.819821513,,13.23521592,,,22.54534863,,,,,,150.4423793,,,,40.99854686,,3.174957799,,12.81570004,4.019709114,,4.011787253,,,,22.35645834,,30.10496279,,,1.001340803,,,,,10.6223709,,
175,,,,,,,,,103.66565,,,,,,,,,,,44.03399668,,,,,,,,,,,,75.70629084,,,,,,,,279.6204392,,5.019630328,,,,,,,,,,,,,,1.001086957,,,6,,
859,,11.00239465,,,1.000507507,,,,2.023073869,,,,,,,,1.013132166,,,,,,,19.88094955,,,,,,,2.004444444,,,,,,,,,3.02370779,,,362.3804847,3.006140586,,,,,,,,,44.21245898,,,1.001601393,,,,,
7096,24.83278197,14.02536869,,,5.031279508,15.14803289,38.07243431,,6.068528703,5.026009704,,1.001410437,,18.61286319,,,17.99993388,12.23174121,,,23.04974115,23.06972274,9.013914783,1.996637063,,31.51564758,,,15.58438042,,7.005022894,,,2.288718067,10.88309502,18.89041734,,9.349850828,2.024466796,3.000019691,,1.000247275,10.38652676,13.12907548,7.094420689,11.06750113,,,,,8.007854255,4.007109195,3.001035596,1.002994201,14.41873082,13.98590897,,33.67862899,,,
4970,15.89808943,1,,,5,,26.70247657,,,8.000000036,,1.001410437,,,,,5,,,23.55306799,,15.70528589,17.42218087,1.003047587,66.54778635,42.68753769,74.1924375,31.21656051,72.02141132,,3.007773113,32.59938638,22.63907657,,1.999999746,,,,6.000089819,,,,3.008397554,1.000000016,79.85618658,2.002522467,,,,,,3.015906696,,2.002670227,,3.00325896,10.67470114,,2,,
4944,23.3974923,8.999629061,,,22.00783188,16.51207347,54.25727305,,1.181872888,8.294544765,,,,55.1309091,39.10531785,,3.000068069,25.44719812,,,18.68464494,16.75413993,17.92266548,3,38.17170303,36.88702246,17.40849178,,,,14.65848817,13.94306544,25.02212957,6.004530819,4.017702594,,,1.003860014,10.9951803,1,,,,28.12462786,14.35568542,5.006289308,20.49411714,,,,2.002736002,5.997309567,1.718717473,,41.13849873,12.01771894,15.81682998,16.4972327,,,
17135,,1,,,,,,,,,,,,,,,,,,,,,10.01262649,,,,,291.7004978,,29.44989722,,300.1395938,,2,1,,,,7,,,21.99749793,,1,,,,,,,,,,,,1.001086957,64.30644903,,20.00121057,,
17215,,1,,,,,114.806769,139.0264095,88.02310116,,,,,,,,,,,,,194.4415551,1.001262626,,,,,,,52.27373885,,,,,,,31.34871297,1.001066098,,73.8136344,,,99.33642291,,24.68807212,,,,,4,,,7.985599143,,,,,,2.998584661,,
14444,,1,,19.47035831,,,,,,3,,,,,,,,,,13.31260365,,157.9685753,1.001262626,26.31809215,,,,51.6687898,,,,51.39110442,,,5.923101281,,,,,,,236.8176542,,,,6.007250777,,,,2,,,,,,2.002173913,,,194.0698467,,
6830,10.59887811,1.166081647,,,,,,,,,,,,,,,,,,,,,,,,,,162.713746,,,,,,10,10.99924463,,,1.001066098,,,,,,,,12.01511242,,,,,,5.168812193,,1.001335113,,,501.7698837,41.53782676,9,,
4292,30.0062034,6.115666146,,,31.30106364,,59.69953221,,1.006339144,44.01170908,26.37438399,,,27.30973314,35.06933696,,2.007517167,42.0779363,144.1556389,,,,9.065341887,1.000011678,24.80898779,23.71553842,44.18471165,59.95967159,,,37.08968948,39.74009424,,9.000000031,12.39721811,,,1.02229149,5,,,,,9.963705493,6.936980975,17.0403205,,,,1,,14.03553462,5,16.02136002,39.70274353,14.00467496,20.62712491,,9,,
15397,,,,13.62353931,,,94.46590962,46.69427634,15.3258308,1.000117844,18.04714205,1.001410437,,,11.9885688,,,,,,,161.8236272,2.002516601,2.000112011,,,,,,29.53128045,3.007776603,269.5353609,,,7.999782577,,69.17951853,,1.002450496,18.22607683,12.64960187,116.9569967,45.75028014,,,4.005093637,32.97966365,,,2,,1.001776199,,1.005588689,,1.007283941,,,151.7492314,,
1069,,,,,,,59.49078595,15.67071022,63.37286548,,,,,,,41.70605824,33.15388677,,92.09180363,,,,6.252111967,5.307550085,115.5160179,,,,,118.3820634,,,59.60093065,2.005486772,,,,1.0059514,,54.98355916,,,18.44973481,,1.100959323,1.001258835,,72.08507815,84.20643303,,6.55554341,,5.274872875,64.26832712,,42.12479752,,,,,
955,,8.498506965,,,2.091153612,,20.58029319,12.96630759,15.46357066,6.166099234,29.16911721,,,,,,8.4706341,,,36.86567164,213.6324597,,54.97471381,11.51391798,20.61746199,,,,37.21833974,21.53184943,,,28.83998125,1.415113015,,16.2488243,48.93553337,,36.06273896,29.8875154,22.65256942,18.21365841,3.87972578,106.7875931,,,,23.13656855,15.29378557,,11.31514824,5.850754677,9.125604161,7.650382201,,11.6880827,,,4.018061047,,15.26178145
9668,,,,16.43825893,,,,,,2,25.33849729,454.5947359,,,14.18456418,,,67.85,,,,,17.02146465,,30.04938121,93.00439946,26.90834855,16.14649682,,,,,34.55437923,5.001186066,,,,1.001066098,,,,,,4,,,35.01371841,,,,,8.014209592,,,41.14312268,,,,1,,355.1688103
1880,57.53517275,10.00037861,,,42.93590578,45.58422881,35.0635049,,2.429950939,18.69660374,45.41652865,1.001410437,1.999999985,114.6651082,156.7082298,,9.999931931,44.08379788,22.90264281,,27.53507684,41.78318436,52.83391294,6.000008178,38.63576794,100.4760091,99.44025561,,15.90076635,,26.44035641,115.6620648,32.17132515,22.06829588,16.02696268,,20.18963257,10.37855454,33.0048197,1.000000021,26.60892162,1.980369672,4.00836469,36.10214778,42.78873742,16.18437873,24.21553579,,,1,2.002721088,13.03214749,8.324155911,3.00400534,66.84170802,19.36838318,18.97573508,,3.001823092,,15.20991055
15332,,,,515.2337636,5,,13.39663761,44.14775115,,2,488.8222058,,,,38.1900259,,,,,,,,10.01263468,,,,,16.14649682,,,16.03555556,42.36378184,,,56.00005564,,,1.001066098,30.00000406,,186.3850409,251.1186582,,,1.002192982,50.06276147,263.1449068,,,,,,,,,1.001086957,25.30093458,,195.0445039,,
257,103.7593436,103.1375942,,,42.6321234,84.02648925,291.1910081,,15.59153806,87.65763405,18.63776305,9.012693935,,428.0704989,250.5060223,22.0437647,89.60169043,102.276207,39.85005424,43.61695323,53.26315944,70.32585973,31.59022512,16.00691981,68.39702407,66.42773059,100.8916822,24.77258461,82.60297407,16.36100387,82.57654937,73.06727545,73.50301864,16.60557794,30.28305782,19.04480413,32.13191918,3.127837851,24.41188097,3.99999838,12.80773059,,14.46729533,76.40492481,11.04941801,31.80856772,50.85180788,51.79506793,,2,9.050855673,139.4301318,7,11.04434602,191.7054176,113.1610513,46.56599876,107.1508513,,,96.14377593
485,55.5328279,64.90718823,1.020408163,62.07201876,3.027572845,58.27004481,27.77150311,159.889372,48.39756903,2.001284525,79.19450816,40.01095556,,16.65206203,,98.28540271,82.35854538,,99.61514977,,212.6642058,139.3958589,75.90804198,180.5958038,58.22491504,60.91402667,118.6424099,60.95587924,11.99991166,,1.009746143,32.13787858,42.26239028,35.39111243,65.7291691,195.3024361,16.84841362,215.9651852,57.34547471,86.5119084,32.92349631,14.49725507,117.8451312,65.92236635,19.18974284,95.88905804,32.9601421,167.2590063,33.75696847,1,81.07756858,7.019092065,80.59778874,120.6449323,51.01324801,119.7073259,,,6.04228899,,38.95045597
4072,287.746204,58.05940239,7.142857143,,33.96985427,56.44779875,288.4939368,16.84587414,16.59554588,87.79868306,33.32334016,3.004231312,,322.0970964,140.8373045,40.9588425,112.1353858,440.8714285,36.93418603,22.99606665,70.23003635,114.6855586,24.227572,2.000125453,56.34156828,237.7663411,94.04903682,35.85344268,177.7448284,17.47596971,74.71988198,34.74735884,228.8472496,13.43706033,43.69268556,138.8785446,22.56431018,12.32435389,11.66528992,12.1412531,12.81503196,,8.19337921,136.503528,25.40246839,70.94397742,40.3868466,109.1863868,19.12039514,,36.00980405,132.2795061,11.0000865,2.008164053,174.7328057,79.90314237,78.85288674,17.07856306,2,,179.3546643
1827,110.8986383,105.4112276,,29.11569149,16.88134427,83.333341,86.83202239,43.45001337,71.08298087,6.999523921,126.5296762,10.72239496,,19.56920709,,68.79117274,40.48907825,,77.59836018,,177.7447397,33.15952658,79.83566691,344.5045089,154.1430264,288.5564536,165.6401879,74.73444092,39.05712106,49.43983658,,34.1103324,174.3354067,94.2608133,40.21416913,332.300482,58.38686117,425.5960758,80.71908754,137.7910789,52.89918123,69.71754869,131.6788437,70.83781429,67.98728059,47.61346516,31.67879154,139.4712056,134.7836167,2,249.1651321,5.169876775,138.8751425,84.10895688,42.22080278,70.26170569,,,49.78806578,1,28.0698879
6223,248.827305,200.3704844,8.163265306,905.7689724,228.0100911,619.7309973,2751.507073,248.8936488,114.9683658,187.5521351,126.2049824,164.3187807,4,256.0483323,363.0112359,1016.171429,183.9999221,390.2247333,930.7596748,818.1630995,154.3468757,927.9923751,223.080692,10.00010294,383.8974088,123.3527549,282.4222569,62.59423077,534.6711235,738.4740927,408.8574782,213.320747,414.9366229,209.0013037,341.9530092,321.1729786,1031.243477,33.06731186,526.9807421,159.4036139,715.2584261,8.007457877,63.69324854,93.79399052,512.8517927,309.6406357,500.5741821,630.0666867,791.9342645,31.96774194,225.3069274,101.0534625,365.602867,388.1437754,453.8524072,288.3066797,278.9956361,,56.96584388,,253.1568161
10000,,,,,,,,,,,,,,,,,,,,,,,,,,,,,,,,,,,,,,,,,,,,,,,,,,,,,,,,,,,,,
1029,,,,,,,,,,,,,,,,,,,,,,,,,,,,,,,,,,,,,,,,,,,,,,,,,,,,,,,,,,,,,
103,,,,,,,,,,,,,,,,,,,,,,,,,,,,,,,,,,,,,,,,,,,,,,,,,,,,,,,,,,,,,
10334,,,,,,,,,,,,,,,,,,,,,,,,,,,,,,,,,,,,,,,,,,,,,,,,,,,,,,,,,,,,,
10351,,,,,,,,,,,,,,,,,1.998046969,,,,,,,,,,,,,,,,,,,,,,,,,,,,,,,,,,,,2.088434238,,,,,,,,
105,,,,,,,,,,,,,,,,,,,,,,,,,,,,,,,,,,,,,,,,,,,,,,,,,,,,,,,,,,,,,
1050,,,,,,,,,,,,,,,,,,,,,,,,,,,,,,,,,,,,,,,1,,,,,,,,,,,,,,,,,,,,1,,
10544,,,,,,,,,,,,,,,,,,,,,,,,,,,,,,,,,,,,,,,,,,,,,,,,,,,,,,,,,,,,,
10649,,,,,,,,,,,,,,,,,,,,,,,,,,,,,,,,,,1,,,,,,,,,,,,1.001257862,,,,,,,,,,,,,,,
10668,,,,,,,,,,,,,,,,,,,,,,,,,,,,,,,,,,,,,,,,,,,,,,,,,,,,,,,,,,,,,
10700,,,,,,,,,,,,,,,,,,,,,,,,,,,,,,,,,,,,,,,,,,,,,,,,,,,,,,,,,,,,,
108,,,,,,,,,,,,,,,,,,,,,,,,,,,,,,,,,,,,,,,,,,,,,,,,,,,,,,,,,,,,,
11,,,,,,,,,,,,,,,,,,,,,,,,,,,,,,,,,,,,,,,,,,,,,,,,,,,,,,,,,,,,2,
1110,,,,,,,,,,,,,,,,,,,,,,,,,,,,,,,,,,,,,,,,,,,,,,,,,,,,,,,,,,,,,
1111,,,,,,,,,,,,,,,,,,,,,,,,,,,,,,,,,,,,,,,,,,,,,,,,,,,,,,,,,,,,,
11211,,,,,,,,,,,,,,,,,,,,,,,,,,,,,,,,,,,,,,,,,,,,,,,,,,,,,,,,,,,,2.992936499,
116,,,,,,,,,,,,,,,,,,,,,,,,,,,,,,,,,,,,,,,,,,,1.002089864,,,,,,,,,,,,,,,,,,
12060,,,,,,,,,,,,,,,,,,,,,,,,,,,,,,,,,,,,,,,,,,,,,,,,,,,,,,,,,,,,,
1209,,,,,,,,,,,,,,,,,,,,,,,4.000695234,,,,,,,,,,,,,,,,,,,,,,,,,,,,,,,,,,,,,,
12148,,,,,,,,,,,,,,,,,,,,,,,,,,,,,,,,,,,,,,,,,,,,,,,,,,,,,,,,,,,,,
12481,,,,,,,,,,,,,,,,,,,,,,,,,,,,,,,,,,,,,,,,,,,,,,,,,,,,,,,,,,,,,
12591,,,,,,,,,,,,,,,,,,,,,,,,,,,,,,,,,,,,,,,,,,,,,,,,,,,,,,,,,,,,,
12698,,,,,,,,,,,,,,,,,,,,,,,,,,,,,,,,,,,,,,,,,,,,,,,,,,,,,,,,,,,,,
12745,,,,,,,,,,,,,,,,,,,,,,,,,,,,,,,,,,,,,,,,,,,,,,,,,,,,,,,,,,,,,
1281,,,,,,,,,,,,,,,,,1.829077823,,,,,,,,,,,,,,,,,,,,,,1,,,,,,,,,,,,,,,,,,,,,,
12849,,,,,,,,,,,,,,,,,,,,,,,,,,,,,,,,,,,,,,,,,,,,,,,,,,,,,,,,,,,,,
12929,,1,,,,,,,,,,,,,,,,,,,,,,,,,,,,,1.002222222,,,,,,,,,,,,,,,,,,,,,,,,,,,,,,
12972,,,,,,,,,,,,,,,,,,,,,,,,,,,,,,,,,,,,,,,,,,,,,,,,,,,,,,,,,,,,,
12983,,,,,,,,,,,,,,,,,,,,,,,,,,,,,,,,,,,,,,,1,,,,,,,,,,,,,,,,,,,,,,
13432,,,,,,,,,,,,,,,,,,,,,,,,,,,,,,,,,,,,,,,,,,,,,,,,,,,,,,,,,,,,,
13498,,,,,,,,,,,,,,,,,,,,,,,,,,,,,,,,,,1.519252518,,,,,,,,,,,,,,,,,1.001782565,,,,,,,,,,
1364,,,,,,,,,,,,,,,,,,,,,,,,,,,,,,,,,,,,,,,,,,,,,,,,,,,,,,,,,,,,,
13998,,,,,,,,,,,,,,,,,,,,,,,,,,,,,,,,,,,,,,,,,,,,,,,,,,,,,,,,,,,,,
14013,,,,,,,,,,,,,,,,,,,,,,,,,,,,,,,,,,,,,,,,,,,,,,,,,,,,,,,,,,,,,
14094,,,,,,,,,,,,,,,,,,,,,,,,,,,,,,,,,,,,,,,,,,,,,,,,,,,,,,,,,,,,,
143,,,,,,,,,,,,,,,,,,,,,,,,,,,,,,,,,,,,,,,,,,,,,,,,,,,,,,,,,,,,,
1445,,,,,,,,,,,,,,,,,,,,,,,,,,,,,,,,,,,,,,,,,,,,,,,,,,,,,,,,,,,,,
1451,,,,,,,,,,,,,,,,,,,,,,,,,,,,,,,,,,,,,,,,,,,,,,,,,,,,,,,,,,,,,
14683,,,,,,,,,,,,,,,,,,,,,,,,,,,,,,,,,,,,,,,,,,,,,,,,,,,,,,,,,,,,,
14724,,,,,,,,,,,,,,,,,,,,,,,,,,,,,,,,,,,,,,,,,,,,,,,,,,,,,,,,,,,,,
148,,,,,,,,,,,,,,,,,,,,,,,,,,,,,,,,,,,,,,,,,,,,,,,,,,,,,,,,,,,,,
14882,,,,,,,,,,,,,,,,,,,,,,,,,,,,,,,,,,,,,,,,,,2.243668214,,,,,,,,,,,,,,,,,,,
15054,,,,,,,,,,,,,,,,,,,,,,,,,,,,,,,,,,,,,,,,,,,,,,,,,,,,,,,,,,,,,
15252,,,,,,,,,,,,,,,,,1,,,,,,,,,,,,,,,,,,,,,,,,,,,,,,,,,,,,,,,,,,,,
1532,,,,,,,,,,,,4.019609591,,,,,,,,,,,,4,,,,,,,,,,,,,,,,,,,,,1.002192982,,,,,,3.004081633,,,,,,,,,,
15321,,,,,,,,,,,,,,,,,,,,,,,,,,,,,,,,,,,,,,,,,,,,,,,,,,,,,,,,1.001086957,,,,,
15445,,,,,,,,,,,,,,,,,,,,,,,,,,,,,,,,,,,,,,,,,,,,,,,,,,,,,,,,,,,,,
15480,,,,,,,,,,,,,,,,,,,,,,,,,,,,,,,,,,,,,,,,,,,,,,,,,,,1.001360705,,,,,1.001086957,,,,,
16015,,,,,,,,,,,,,,,,,,,,,,,,2.003409869,,,,,,,,,,,,,,,,,,,,,,,,,,,,,,,,,,,,,
16058,,,,,,,,,,,,,,,,,,,,,,,,,,,,,,,,,,,,,,,,,,,,,,,,,,,,,,,,,,,,,
16087,,,,,,,,,,,,,,,,,,,,,,,,,,,,,,,,,,,,,,,,,,,,,,,,,,,,,,,,,,,,,
16316,,,,,,,,,,,,,,,,,,,,,,,,,,,,,,,,,,,,,,,,,,,,,,,,,,,,,,,,,,,,,
16350,,,,,,,,,,,,,,,,,,,,,,,,,,,,,,,,,,,,,,,,,,,,,,,,,,,,,,,,,,,,,
16487,,,,,,,,,,,,,,,,,,,,,,,,,,,,,,,,,,,,,,,,,,,,,,,,,,,,,,,,,,,1.609168971,,
16552,,,,,,,,,,,,,,,,,,,,,,,,,,,,,,,,,,,,,,,,,,,,,,,,,,,,,,,,,,,,,
16573,,,,,,,,,,,,,,,,,,,,,,,,,,,,,,,,,,,,,,,,,,,,,,,,,,,,,,,,,,,,,
1665,,,,,,,,,,,,,,,,,,,,,,,,,,,,,,,,,,,,,,,,,,,,,,,,,,,,,,,,,,,,,
16667,,,,,,,,,,,,,,,,,,,,,,,,,,,,,,,,,,,,,,,,,,,,,,,,,,,,,,,,,,,,,
1672,,,,,,,,,,,,,,,,,,,,,,,,,,,,,,,,,,,,,,1.001066098,,,,,,,,,,,,,,,,,,,,,,,
16754,,,,,,,,,,,,,,,,,,,,,,,,,,,,,,,,,,,,,,,,,,,,,,,,,,,,,,,,,,,,,
16874,,,,,,,,,,,,,,,,,,,,,,,,,,,,,,,,,,,,,,,,,,,,,,,,,,,,,,,,,,,,,
17098,,,,,,,,,,,,,,,,,,,,,,,,,,,,,,,,,,,,,,,,,,,,,,,,,,,,,,,,,,,,,
17197,,,,,,,,,,,,,,,,,,,,,,,,,,,,,,,,,,,,,,,,,,,,,,,,,,,,,,,,,,,,,
1725,,,,,,,,,,,,,,,,,,,,,,,,,,,,,,,,,,,,,,,,,,,,,,,,,,,,,,,,,,,,,
17326,,,,,,,,,,,,,,,,,,,,,,,,,,,,,,,,,,,,,,,,,,,,,,,,,,,,,,,,,,,,,
1813,,,,,,,,,,,,,,,,,,,,,,,,,,,,,,,,,,,,,,,,,,,,,,,,,,,,,,,,,,,,,
1828,,,,,,,,,,,,,,,,,,,,,,,,,,,,,,,,,,,,,,,,,,,,,,,,,,,,,,,,,,,,,
185,,,,,,,,,,,,,,,,,,,,,,,,,,,,,,,,,,,,,,,,,,,,,,,,,,,,,,,,,,,,,
18507,,,,,2.993946967,,,,,,,,,,,,,,,,,,,,,,,,,,,,,,,,,,,,,,,,,,,,,,,,,,,,,,,,
18594,,,,,,,,,,,,,,,,,,,,,,,,,,,,,,,,,,,,,,,,,,,,,,,,,,,,,,,,,,,,,
18657,,,,,,,,,,,,,,,,,,,,,,,,,,,,,,,,,,,,,,,,,,,,,,,,,,,,,,1.001335113,,,,,,,
18791,,,,,,,,,,,,,,,,,,,,,,,,,,,,,,,,,,,,,,,,,,,,,,,,,,,,,,,,,,,,,
18964,,,,,,,,,,,,,,,,,,,,,,,,,,,,,,,,,,,,,,,,,,,,,,,,,,,,,,,,,,,,,
18991,,,,,,,,,,,,,,,,,,,,,,,,,,,,,,,,,,,,,,,,,,,,,,,,,,,,,,,,,,,,,
1900,,,,,,,,,,,,,,,,,,,,,,,,,,,,,,,,,,,,,,,,,,,,,,,,,,,,,,,,,,,,,
19414,,,,,,,,,,,,,,,,,,,,,,,,,,,,,,,,,,,,,,,,,,,,,,,,,,,,,,,,,,,,,
1976,,,,,,,,,,2.958949622,,,,,,,,,,,,,,,,,,,,,,,,,,,,,,,,,,,,,,,,,,,,,,,,,,,
1979,,,,,,,,,,,,,,,,,,,,,,,,,,,,,,,,,,,,,,,,,,,,,,,,,,,,,,,,,,,,,
201,,,,,,,,,,,,,,,,,,,,,,,,,,,,,,,,,,,,,,2.001280772,,,,,,,,,,,,,,,,,,,,,,,
2180,,,,,,,,,,,,,,,,,,,,,,,,,,,,,,,,,,,,,,,,,,,,,,,,,,,,,2,,,,,,,,
2232,,,,,,,,,,,,,,,,,,,,,,,,,,,,,,,,,,,,,,,,,,,,,,,,,,,,,,,,,,,,,
2420,,,,,,,,,,,,,,,,,,,,,,,,,,,,,,,,,,,,,,,,,,,,,,,,,,,,,,,,,,,,,
245,,,,,1,,,,,,,,,,,,,,,,,,,,,,,,,,,,,,,,,1.00106611,,,,,,,,,,,,,,,,,,,,,,,
2569,,,,,,,,,,,,,,,,,,,,,,,,,,,,,,,,,,,,,,,,,,,,,,,,,,,,,,,,,,,,,
2744,,,,,,,,,,,,,,,,,,,,,,,,,,,,,,,,,,,,,,,,,,,,,,,,,,,,,2,,,,,,,,
2761,,,,,,,,,,,,,,,,,,,,,,,,,,,,,,,,,,,,,,,,,,,,,,,,,,,,,,,,,,,,,
28,,,,,,,,,,,,,,,,,,,,,,,,,,,,,,,,,,,,,,,,,,,,,,,,,,,,,,,,,,,,,
281,,,,,,,,,,,,,,,,,,,,,,,,,,,,,,,,,,,,,,,,,,,,,,,,,,,,,,,,,,,,,
283,,,,,,,,,,,,,,,,,,,,,,,,,,,,,,,,,,,,,,,,,,,,,1.002192982,,,,,,,,,,,,,,,,
2835,,,,,,,,,,,,,,,,,,,,,,,,,,,,,,,,,,,,,,,,,,,,,,,,,,,,,,,,,,,,,
285,,,,,,,,,,,,,,,,,,,,,,,,,,,,,,,,,,,,,,,,,,,,,,,,,,,,,,,,,,,,,
2856,,,,,,,,,,,,,,,,,,,,,,,,2.99770106,,,,,,,,,,,,,,,,,,,,,,,,,,,,,,,,,,,,,
289,,,,,,,,,,,,,,,,,,,,,,,,,,,,,,,,,,,,,,,,,,,,,,,,,,,,,,,,,,,,,
2905,,,,,,,,,,,,,,,,,,,,,,,1.609595425,,,,,,,,,,,1.927760801,,,,,,,,,,,,,,,,,3.712280949,,,,,,,,,,
296,,,,,,,,,,,,,,,,,,,,,,,,,,,,,,,,,,,,,,,,,,,,,,,,,,,,,,,,,,,,,
2999,,,,,,,,,,,,,,,,,,,,,,,,,,,,,,,,,,,,,,,,,,,,,,,,,,,,,,,,,,,,2.007063501,
302,,,,,,,,,,,,,,,,,,,,,,,,,,,,,,,,,,,,,,,,,,,,,,,,,,,,,,,,,,,,,
3037,,,,,,,,,,,,,,,,,,,,,,,,,,,,,,,,,,,,,,,,,,,,,,,,,,,,,,,,,,,,,
3075,,,,,,,,,,,,,,,,,,,,,,,,,,,,,,,,,,,,,,,,,,,,,,,,,,,,,,,,,,,,,
3130,,,,,,,,,,,,,,,,,,,,,,,,,,,,,,,,,,,,,,,,,,,,,,,,,,,,,,,,,,,,,
327,,,,,,,,,,,,,,,,,,,,,,,,,,,,,,,,,,,,,,,,,,,,,,,,,,,,,,,,,,,,,
3292,,,,,,,,,,,,,,,,,,,,,,,,,,,,,,,,,,,,,,,,,,,,,,,,,,,,,,,,,,,,,
338,,,,,,,,,,,,,,,,,,,,,,,,,,,,,,,,,,,,,,,,,,,,,,,,,,,,,,,,,,,,,
3436,,,,,,,,,,,,,,,,,,,,,,,,,,,,,,,,,,,,,,,,,,,,,,,,,,,1.001360544,,,,,,,,,,
3512,,,,,,,,,,,,,,,,,,,,,,,,,,,,,,,1.002222222,,,,,,,,,,,,,,,,,,,,,,,,,,,,,,
356,,,,,,,,,,,,,,,,,,,,,,,,,,,,,,,,,,,,,,,,,,,,,,,,,,,,,,,,,,,,,
358,,,,,,,,,,,,,,,,,,,,,,,,,,,,,,,,,,,,,,,,,,,,,,,,,,,,,,,,,,,,,
365,,,,,,,,,,,,,,,,,,,,,,,,,,,,,,,,,,,,,,,,,,,,,,1.001257862,,,,,,,,,,,,,,,
3714,,,4.081632653,,,,,,,,,,,,,,,,,,,,,,,,,,,,,,,,,,,,,,,,,,,,,,,,,,,,,,,,,,
3733,,,,,,,,,,,,,,,,,,,,,,,,,,,,,,,,,,,,,,,,,,,,,,,,,,,,,,,,,,,,,
38,,,,,,,,,,,,,,,,,,,,,,,,,,,,,,,,,,,,,,,,,,,,,,,,,,,,,,,,,,,,,
408,,,,,,,,,,,,,,,,,,,,,,,,,,,,,,,,,,,,,,,,,,,,,,,,,,,,,,,,,,,,,
410,,,,,,,,,,,,,,,,,,,,,,,,,,,,,,,,,,,,,,,,,,,,,,,,,,,,,,,,,,,,,
4277,,,,,,,,,,,,,,,,,,,,,,,,,,,,,,,,,,,,,,,,,,,,,,,,,,,,,,,,,,,,,
4288,,,,,,,,,,,,,,,,,,,,,,,,,,,,,,,,,,,,,,,,,,,,,,,,,,,,,,,,,,,,,
4289,,,,,,,,,,,,,,,,,,,,,,,,,,,,,,,,,,,,,,,,,,,,,,,,,,,,,,,,,,,,,
4316,,,,,,,,,,,,,,,,,1,,,,,,,,,,,,,,,,,,,,,,,,,,,,,,,,,,,,,,,,,,,,
4353,,,1.020408163,,,,,,,,,,,,,,,,,,,,,,,,,,,,,,,1,,,,,,,,,,,,,,,,,1.001360544,,,,,,,,,,
44,,,,,,,,,,,,,,,,,,,,,,,,,,,,,,,,,,1.002712478,,,,,,,,,,,,,,,,,,,,,,,,,,,
4429,,,,,,,,,,,,,,,,,,,,,,,,,,,,,,,,,,,,,,,,,,,,,,,,,,,,,,,,,,,,,
4456,,,,,,,,,,,,,,,,,,,,,,,,,,,,,,,,,,,,,,,,,,,,,,,,,,,,,,,,,,,,,
4462,,,,,,,,,,,,,,,,,,,,,,,,,,,,,,,,,,,,,,,,,,,,,,,,,,,,,,,,,,,,,
4497,,,,,,,,,,,,,,,,,,,,,,,,,,,,,,,,,,,,,,,,,,,,,,,,,,,,,,,,,,,,,
4532,,,,,,,,,,,,,,,,,,,,,,,,,,,,,,,,,,,,,,,,,,,,,,,,,,,,,,,,,,,,,
4548,,,,,,,,,,,,,,,,,,,,,,,,,,,,,,,,,,,,,,,,,,1.053789683,,,,,,,,,,,,,,,,,,,
4638,,,,,,,,,,,,,,,,,,,,,,,,,,,,,,,,,,,,,,,,,,,,,,,,,,,,,,,,,,,,,
468,,,,,,,,,,,,,,,,,,,,,,,,,,,,,,,,,,,,,,,,,,,,,,,,,,,,,,,,,,,,,
4690,,,,,,,,,,,,,,,,,,,,,,,,,,,,,,,,,,,,,,,,,,,,,,,,,,,,,,,,,,,,2,
4747,,,,,,,,,,,,,,,,,,,,,,,,,,,,,,,,,,,,,,,,,,,,,,,,,,,,,,,,,,,,,
4775,,,,,,,,,,,,,,,,,,,,,,,,,,,,,,,,,,,,,,,,,,,,,,,,,,,,,,,,,,,,,
4819,,,,,,,,,,,,,,,,,,,,,,,,,,,,,,,,,,,,,,,,,,,,,,,,,,,,,,,,,,,,,
4886,,,,,,,,,,,,,,,,,,,,,,,,,,,,,,,1.002222222,,,,,,,,,,,,,,,,,,,,,,1,,,,,,,,
4892,,,,,,,,,,,,,,,,,,,,,,,,,,,,,,,,,,,,,,,,,,,,,,,,,,,,,,,,,,,,,
5103,,,,,,,,,,,,,,,,,,,,,,,,,,,,,,,,,,,,,,,,,,,,,,,,,,,,,,,,,,,,,
5196,,1,,,,,,,,,,,,,,,,,,,,,,,,,,,,,,,,,,,,,,,,,,,,,,,,,,,,,,,,,,,
524,,,,,,,,,,,,,,,,,,,,,,,,,,,,,,,,,,,,,,,,,,,,,,,,,,,,,,,,,,,,,
5243,,,,,,,,,,,,,,,,,,,,,,,,,,,,,,,,,,,,,,,,,,,,,,,,,,,,,,,,,,,,,
5317,,,,,,,,,,,,,,,,,,,,,,,,,,,,,,,,,,,,,,,,,,,,,,,,,,,,,,,,,,,,,
5392,,,,,,,,,,,,,,,,,,,,,,,,,,,,,,,,,,,,,,,,,,,,,,,,,,,,,,,,,,,,,
5396,,,,,,,,,,,,,,,,,,,,,,,,,,,,,,,,,,,,,,,,,,,,,,,,,,,,,,,,,,,,,
5437,,,,,,,,,,,,,,,,,,,,,,,,,,,,,,,,,,,,,,,,,,,,,,,,,,,,,,,,,,,,,
55,,,,,,,,,,,,,,,,,,,,,,,2.003059734,,,,,,,,,,,,,,,,,,,,,,,,,,,,,,,,,,,,,,
5542,,,,,,,,,,,,,,,,,,,,,,,,,,,,,,,,,,,,,,,,,,,,,,,,,,,,,,,,,,,,,
5607,,,,,,,,,,,,,,,,,,,,,,,,,,,,,,,,,,,,,,,,,,,,,,,,,,,,,,,,,,,,,
5618,,,,,,,,,,,,,,,,,,,,,,,,,,,,,,,,,,,,,,,,,,,,,,,,,,,,,,,,,,,,,
5636,,,,,,,,,,,,,,,,,,,,,,,,,,,,,,,,,,,,,,,,,,,,,,,,,,,,,1,,,,,,,,
5691,,,,,,,,,,,,,5,,,,,,,,,,,,,,,,,,,,,,,,,,,,,,,,,,,,,,,,,,,,,,,,
5752,,,,,,,,,1.006339144,,,,,,,,,,,,,,,,,,,,,,,,,,,,,,,1.00016248,,,,,,,,,,,,,,,,,,,,,
578,,,,,,,,,,,,,,,,,,,,,,,,1.00042849,,,,,,,,,,,,,,,,,,,1.002089864,,,,,,,,,,1.000000249,,,,,,,,
59,,,,,,,,,,,,,,,,,,,,,,,,,,,,,,,,,,,,,,,,,,,,,,,,,,,,,,,,,,,,,
5909,,,,,,,,,,,,,,,,,,,,,,,,,,,,,,,,,,,,,,,,,,,,,,,,,,,,,,,,,,,,,
5955,,,,,,,,,,1,,,,,,,,,,,,,,,,,,,,,,,,,,,,,1,,,,,,,,,,,,,,,1.001335113,,,,,,,
60,,,,,,,,,,,,,,,,,,,,,,,,,,,,,,,,,,,,,,,,,,,1.002089864,,,,,,,,,,,,,,,,,,
6028,,,,,,,,,,,,,,,,,,,,,,,1.001262626,,,,,,,,,,,,,,,,,,,,,,,,,,,,,,,,,,,,,,
6075,,,,,,,,,,,,,,,,,,,,,,,,,,,,,,,,,,,,,,,,,,,,,,,,,,,,,,,,,,,,,
6096,,,,,,,,,,,,,,,,,,,,,,,,,,,,,,,,,,,,,,8.445327638,,,,,,,,,,,,,,,,,,,,,,,
6149,,,,,,,,,,,,,,,,,,,,,,,,,,,,,,,,,,,,,,,,,,,,,,,,,,,,,,,,,,,,,
617,,,,,,,,,,,,,,,,,,,,,,,,,,,,,,,,,,,,,,,,,,,,,1.002192982,,,,,,,,,,,,,,,,
6217,,,,,,,,,,,,,,,,,,,,,,,,,,,,,,,,,,,,,,,,,,,,,,,,,,,,,,,,,,,,,
6241,,,,,,,,,,,,,,,,,1,,,,,,,,,,,,,,,,,,,,,,,,,,,,,,,,,,,,,,,,,,,,
6379,,,,,,,,,,,,,,,,,,,,,,,,,,,,,,,,,,,,,,,,,,,,,,,,,,,,,,,,,,,,,
6481,,,,,,,,,,,,,,,,,,,,,,,,,,,,,,,1.002222222,,,,,,,,,,,,,,,,,,,,,,,,,,,,,,
6524,,,,,,,,,,,,,,,,,,,,,,,,,,,,,,,,,,,,,,,,,,,,,,,,,,,,,,,,,,,,,
6570,,,,,,,,,,,,,,,,,,,,,,,,,,,,,,,,,,,1,,,,,,,,,,,,,,,,,,,,,,,,,,
6669,,,,,,,,,,,,,,,,,,,,,,,,,,,,,,,,,,,,,,,,,,,,,,,,,,,,,1,,,,,,,,
6756,,,,,,,,,,,,,,,,,,,,,,,,,,,,,,,,,,,,,,,,,,,,,,,,,,,,,,,,,,,,,
68,,,,,,,,,,,,,,,,,,,,,,,,,,,,,,,,,,,,,,,,,,,,,,,,,,,,,,,,,,,,,
6910,,,,,,,,,,,,,,,,,,,,,,,,,,,,,,,,,,,,,,,,,,,,,,,,,,,,,,,,,,,,,
6913,,,,,,,,,,,,,,,,,,,,,,,,,,,,,,,,,,,,,,,,,,,,,,,,,,,,,,,,,,,,,
6972,,,,,,,,,,,,,,,,,,,,,,,,,,,,,,,,,,,,,,,,,,,,,,,,,,,,,,,,,,,,,
7006,,,,,,,,,,,,,,,,,,,,,,,,,,,,,,,,,,,1,,,,,,,,,,,,,,,,,,,,,,,,,,
7050,,,,,,,,,,,,,,,,,,,,,,,,,,,,,,,,,,,,,,,,,,,,,,,,,,,,,,,,,,,,,
707,,,,,,,,,,,,,,,,,,,,,,,,,,,,,,,,,,,,,,,,,,,,,,,,,,,,,,,,,,,,,
7086,,,,,,,,,,,,,,,,,,,,,,,,,,,,,,,,,,,,,,,,,,,,,,,,,,,,,,,,,,,,,
7094,,,,,,,,,,,,,,,,,,,,,,,,,,,,,,,,,,,,,,,,,,,1.002089864,,,,,,,,,,,,,,,,,,
7136,,,,,,,,,,,,,,,,,,,,,,,,,,,,,,,,,,,,,,,,,,,,,,,,,,,,,,,,,,,,,
7141,,,,,,,,,,,,,,,,,,,,,,,,,,,,,,,,,,,,,,,,,,,,,,,,,,,,,,,,,,,,,
7176,,,,,,,,,,,,,,,,,,,,,,,,,,,,,,,1.01565715,,,,,,,,,,,,,,,,,,,,,,,,,,,,,,
719,,,,,,,,,,,,,,,,,,,,,,,,,,,,,,,,,,,,,,,,,,,,,,,,,,,,,,,,,,,,,
7286,,,,,,,,,,,,,,,,,,,,,,,,,,,,,,,,,,,,,,,,,,,,,,,,,,,,,2,,,,,,,,
731,,,,,,,,,,,,,,,,,,,,,,,,,,,,,,,,,,,,,,,,,,,,,,,,,,,,,,,,,,,,,
7316,,,,,,,,,,,,,,,,,,,,,,,,,,,,,,,,,,,,,,,,,,,,,,,,,,,,,,,,,,,,,
7352,,,,,,,,,,,,,,,,,,,,,,,,,,,,,,,,,,,,,,,,,,,,,,,,,,,,,,,,,,,,,
7433,,,,,,,,,,,,,,,,,,,,,,,,,,,,,,,,,,,,,,,,,,,,,,,,,,,,,,,,,,,,,
7449,,,,,,,,,,1,,,,,,,,,,,,,,,,,,,,,,,,,,,,,,,,,,,,,,,,,,,,,,,,,,,
7454,,,,,,,,,,,,,,,,,,,,,,,,,,,,,,,,,,,,,,,,,,,,,,,,,,,,,,,,,,,,,
7723,,,,,,,,,,,,,,,,,,,,,,,,,,,,,,,,,,,,,,,,,,,,,,,,,,,,,,,,,,,,,
7829,,,,,1,,,,,,,,,,,,,,,,,,,,,,,,,,,,,,,,,,,,,,,,,,,,,,,,,,,,,,,,
8010,,,,,,,,,,,,,,,,,,,,,,,,,,,,,,,,,,,,,,,,,,,,,,,,,,,,,,,,,,,,,
8072,,,,,,,,,,,,,,,,,,,,,,,,,,,,,,,,,,,,,,,,,,,,,,,,,,,,,,,,,,,,,
8095,,,,,,,,,,,,,,,,,,,,,,,,,,,,,,,,,,,,,,,,,,,,,,,,,,,,,,,,,,,,,
8219,,,,,,,,,,,,,,,,,,,,,,,,,,,,,,,,,,,,,,,,,,,,,,,,,,,,,,,,,,,,,
8270,,,,,,,,,,,,,,,,,,,,,,,,,,,,,,,,,,,,,,,,,,,,,,,,,,,,,1,,,,,,,,
8295,,,,,,,,,,,,,,,,,,,,,,,,,,,,,,,,,,,,,,,,,,,,,,,,,,,,,,,,,,,,,
8347,,,,,,,,,,,,,,,,,,,,,,,,,,,,,,,,,,,,,,,,,,,,,,,,,,,1.471093515,,,,,,,,,,
8381,,,,,,,,,,,,,,,,,,,,,,,,,,,,,,,,,,,,,,,,,,,,,,,,,,,,,,,,,,,,,
84,,,,,,,,,,,,,,,,,,,,,,,,,,,,,,,,,,,,,,,,,,,,,,,,,,,,,,,,,,,,,
8421,,,,,,,,,,,,,,,,,,,,,,,,,,,,,,,,,,,,,,,,,,,,,,,,,,,,,,,,,,,,,
848,,,,,,,,,,,,1.988852417,,,,,,,,,,,,,,,,,,,,,,,,,,,,,,,,,,,,,,,,,,,,,,,,,
8514,,,,,,,,,,,,,,,,,,,,,,,,,,,,,,,,,,,,,,,,,,,,,,,,,,,,,,,,,,,,,
855,,1.002473151,,,,,,,,,,,,,,,,,,,,,,,,,,,,,,,,,,,,,,,,,,,,,,,,,,,,,,,,,,,
8550,,,,,,,,,,,,,,,,,,,,,,,,,,,,,,,,,,,,,,,,,,,,,,,,,,,,,,,,,,,,,
8623,,,,,,,,,,,,,,,,,,,,,,,,,,,,,,,,,,,,,,,,,,,,,,,,,,,,,,,,,,,,,
87,,,,,,,,,,,,,,,,,,,,,,,,,,,,,,,,,,,,,,,,,,,,,,,,,,,,,1,,,,,,,,
870,,,,,,,,,,,,,,,,,,,,,,,,,,,,,,,,,,,,,,,,,,,,,,1.001257862,,,,,,,,,,,,,,,
8722,,,,,,,,,,,,,,,,,,,,,,,,,,,,,,,,,,,,,,,,,,,,,,,,,,,,,,,,,,,,,
8910,,,,,,,,,,,,,,,,,,,,,,,,,,,,,,,,,,,,,,,,,,,,,,,,,,,,,,,,,,,,,
893,,,,,,,,,,,,,,,,,,,,,,,,,,,,,,,,,,,,,,,,,,,,,,,,,,,,,,,,,,,,,
905,,,,,,,,,,,,,,,,,,,,,,,,,,,,,,,,,,,,,,,,,,,,,,,,,,,,,,,,,,,,,
9171,,,,,,,,,,,,,,,,,,,,,,,,,,,,,,,,,,,,,,,,,,,,,,,,,,,,,,,,,,,,,
9341,,,,,,,,,,,,,,,,,,,,,,,,,,,,,,,,,,,,,,,,,,,,,,,,,,,,,,,,,,,,,
9360,,,,,,,,,,,,,,,,,,,,,,,,,,,,,,,,,,,,,,,,,,,,,,,,,,,,,,,,,,,,,
945,,,,,,,,,,,,,,,,,,,,,,,,,,,,,,,,,,,,,,,,,,,,,,,,,,,,,,,,,,,,,
9517,,,,,,,,,,,,,,,,,,,,,,,,,,,,,,,,,,,,,,,,,,,,,,,,,,,,,,,,,,,,,
961,,,,,,,,,,,,,,,,,,,,,,,,,,,,,,,,,,,,,,,,,,,,,,,,,,,,,,,,,,,,,