tax_id,Kingdom,Phylum,Class,Order,Family,Genus,Species
10000,Bacteria,Actinobacteriota,Coriobacteriia,Coriobacteriales,Atopobiaceae,Libanicoccus,
10114,Bacteria,Firmicutes,Clostridia,Lachnospirales,Lachnospiraceae,Lachnospiraceae UCG-001,
1029,Bacteria,Proteobacteria,Gammaproteobacteria,Enterobacterales,Enterobacteriaceae,,
103,Bacteria,Proteobacteria,Gammaproteobacteria,Enterobacterales,Pasteurellaceae,Haemophilus,haemolyticus;
10334,Bacteria,Firmicutes,Clostridia,Lachnospirales,Lachnospiraceae,Fusicatenibacter,
10351,Bacteria,Bacteroidota,Bacteroidia,Bacteroidales,Bacteroidaceae,Bacteroides,sartorii;
1036,Bacteria,Firmicutes,Clostridia,Lachnospirales,Lachnospiraceae,Lachnoclostridium,
10365,Bacteria,Firmicutes,Clostridia,Lachnospirales,Lachnospiraceae,[Eubacterium] ventriosum group,
10465,Bacteria,Firmicutes,Clostridia,Oscillospirales,Oscillospiraceae,UCG-003,
105,Bacteria,Actinobacteriota,Actinobacteria,Actinomycetales,Actinomycetaceae,Actinomyces,
1050,Bacteria,Campylobacterota,Campylobacteria,Campylobacterales,Helicobacteraceae,Helicobacter,hepaticus;
10539,Bacteria,Firmicutes,Clostridia,Lachnospirales,Lachnospiraceae,[Eubacterium] xylanophilum group,
10544,Bacteria,Actinobacteriota,Coriobacteriia,Coriobacteriales,Eggerthellaceae,Parvibacter,
106,Bacteria,Firmicutes,Bacilli,Lactobacillales,Streptococcaceae,Streptococcus,
1064,Bacteria,Firmicutes,Clostridia,Lachnospirales,Lachnospiraceae,Butyrivibrio,
10649,Bacteria,Firmicutes,Clostridia,Clostridiales,Clostridiaceae,Candidatus Arthromitus,
10668,Bacteria,WPS-2,,,,,
1069,Bacteria,Firmicutes,Bacilli,Lactobacillales,Lactobacillaceae,Lactobacillus,crispatus;
10700,Bacteria,Actinobacteriota,Coriobacteriia,Coriobacteriales,Atopobiaceae,Coriobacteriaceae UCG-003,
108,Bacteria,Campylobacterota,Campylobacteria,Campylobacterales,Campylobacteraceae,Campylobacter,
10857,Bacteria,Firmicutes,Bacilli,Erysipelotrichales,Erysipelotrichaceae,Catenisphaera,
11,Bacteria,Proteobacteria,Alphaproteobacteria,Rhizobiales,Rhizobiaceae,Allorhizobium-Neorhizobium-Pararhizobium-Rhizobium,
1110,Bacteria,Deinococcota,Deinococci,Deinococcales,Deinococcaceae,Deinococcus,
1111,Bacteria,Actinobacteriota,Coriobacteriia,Coriobacteriales,Eggerthellaceae,,
11211,Bacteria,Actinobacteriota,Actinobacteria,Propionibacteriales,Nocardioidaceae,Marmoricola,scoriae;
116,Bacteria,Actinobacteriota,Actinobacteria,Micrococcales,Micrococcaceae,Arthrobacter,
11780,Bacteria,Firmicutes,Bacilli,Erysipelotrichales,Erysipelatoclostridiaceae,Candidatus Stoquefichus,
12060,Bacteria,Firmicutes,Bacilli,Erysipelotrichales,Erysipelotrichaceae,[Anaerorhabdus] furcosa group,
1209,Bacteria,Actinobacteriota,Coriobacteriia,Coriobacteriales,Atopobiaceae,Atopobium,
12148,Bacteria,Firmicutes,Clostridia,Peptostreptococcales-Tissierellales,Anaerovoracaceae,Family XIII UCG-001,
12481,Bacteria,Bacteroidota,Bacteroidia,Bacteroidales,Bacteroidaceae,Bacteroides,intestinalis;
12591,Bacteria,Firmicutes,Clostridia,Oscillospirales,Butyricicoccaceae,UCG-008,
12601,Bacteria,Firmicutes,Clostridia,Peptococcales,Peptococcaceae,Peptococcus,
12609,Bacteria,Actinobacteriota,Actinobacteria,Bifidobacteriales,Bifidobacteriaceae,Bifidobacterium,globosum;
12698,Bacteria,Firmicutes,Bacilli,Erysipelotrichales,Erysipelotrichaceae,Dielma,
12745,Bacteria,Actinobacteriota,Actinobacteria,Bifidobacteriales,Bifidobacteriaceae,Bifidobacterium,pullorum;
1281,Bacteria,Firmicutes,Bacilli,Lactobacillales,Lactobacillaceae,Latilactobacillus,
12812,Bacteria,Bacteroidota,Bacteroidia,Bacteroidales,Prevotellaceae,Prevotellaceae Ga6A1 group,
12849,Bacteria,Firmicutes,Clostridia,Peptostreptococcales-Tissierellales,Family XI,Finegoldia,
12929,Bacteria,Firmicutes,Clostridia,Lachnospirales,Lachnospiraceae,Lachnospiraceae NK4B4 group,
12972,Bacteria,Firmicutes,Bacilli,Erysipelotrichales,Erysipelatoclostridiaceae,Candidatus Stoquefichus,massiliensis;
12983,Bacteria,Firmicutes,Clostridia,Oscillospirales,UCG-011,,
13,Bacteria,Proteobacteria,Gammaproteobacteria,Enterobacterales,Enterobacteriaceae,Enterobacter,
13091,Bacteria,Bacteroidota,Bacteroidia,Bacteroidales,Tannerellaceae,Parabacteroides,goldsteinii;
13432,Bacteria,Bacteroidota,Bacteroidia,Bacteroidales,Tannerellaceae,Parabacteroides,johnsonii;
1348,Bacteria,Firmicutes,Clostridia,Oscillospirales,Oscillospiraceae,NK4A214 group,
13498,Bacteria,Firmicutes,Bacilli,Lactobacillales,Lactobacillaceae,Lactobacillus,rodentium;
1360,Bacteria,Firmicutes,Clostridia,Clostridia UCG-014,,,
1364,Bacteria,Firmicutes,Clostridia,Oscillospirales,Hungateiclostridiaceae,Ruminiclostridium,
13786,Bacteria,Firmicutes,Clostridia,Lachnospirales,Lachnospiraceae,A2,
1385,Bacteria,Firmicutes,Clostridia,Christensenellales,Christensenellaceae,Christensenellaceae R-7 group,
13998,Bacteria,Actinobacteriota,Coriobacteriia,Coriobacteriales,Eggerthellaceae,Adlercreutzia,equolifaciens;
14013,Bacteria,Bacteroidota,Bacteroidia,Bacteroidales,p-251-o5,,
14061,Bacteria,Firmicutes,Clostridia,Lachnospirales,Lachnospiraceae,Lachnospiraceae NK4A136 group,bacterium;
14094,Bacteria,Firmicutes,Clostridia,Lachnospirales,Lachnospiraceae,CHKCI001,
1416,Bacteria,Firmicutes,Clostridia,Lachnospirales,Lachnospiraceae,Acetitomaculum,
143,Bacteria,Spirochaetota,Spirochaetia,Spirochaetales,Spirochaetaceae,Treponema,
14393,Bacteria,Firmicutes,Clostridia,Lachnospirales,Lachnospiraceae,Lachnospiraceae UCG-006,
14444,Bacteria,Actinobacteriota,Actinobacteria,Bifidobacteriales,Bifidobacteriaceae,Bifidobacterium,pseudolongum;
1445,Bacteria,Firmicutes,Bacilli,Lactobacillales,Lactobacillaceae,Lactobacillus,psittaci;
1451,Bacteria,Campylobacterota,Campylobacteria,Campylobacterales,Helicobacteraceae,Helicobacter,
14683,Bacteria,Firmicutes,Clostridia,Christensenellales,Christensenellaceae,Christensenella,minuta;
14724,Bacteria,Proteobacteria,Alphaproteobacteria,Acetobacterales,Acetobacteraceae,Asaia,platycodi;
148,Bacteria,Firmicutes,Bacilli,Lactobacillales,Lactobacillaceae,Loigolactobacillus,
14835,Bacteria,Bacteroidota,Bacteroidia,Bacteroidales,Bacteroidaceae,Bacteroides,fluxus;
14882,Bacteria,Firmicutes,Bacilli,Erysipelotrichales,Erysipelotrichaceae,Faecalibaculum,rodentium;
1502,Bacteria,Desulfobacterota,Desulfovibrionia,Desulfovibrionales,Desulfovibrionaceae,Desulfovibrio,
15054,Bacteria,Bacteroidota,Bacteroidia,Bacteroidales,Bacteroidaceae,Bacteroides,clarus;
15159,Bacteria,Firmicutes,Clostridia,Lachnospirales,Lachnospiraceae,GCA-900066575,
15252,Bacteria,Bacteroidota,Bacteroidia,Bacteroidales,Rikenellaceae,Alistipes,timonensis;
1532,Bacteria,Firmicutes,Bacilli,Lactobacillales,Enterococcaceae,Enterococcus,hirae;
15321,Bacteria,Firmicutes,Clostridia,Lachnospirales,Lachnospiraceae,Lachnospiraceae UCG-010,
15332,Bacteria,Firmicutes,Bacilli,Erysipelotrichales,Erysipelotrichaceae,Allobaculum,
15381,Bacteria,Firmicutes,Clostridia,Lachnospirales,Lachnospiraceae,Acetatifactor,
15397,Bacteria,Firmicutes,Bacilli,Erysipelotrichales,Erysipelotrichaceae,Faecalibaculum,
15416,Bacteria,Firmicutes,Clostridia,Oscillospirales,Oscillospiraceae,Intestinimonas,
15445,Bacteria,Bacteroidota,Bacteroidia,Bacteroidales,Bacteroidaceae,Bacteroides,stercorirosoris;
15480,Bacteria,Firmicutes,Bacilli,Lactobacillales,Enterococcaceae,Enterococcus,xinjiangensis;
15486,Bacteria,Firmicutes,Clostridia,Lachnospirales,Lachnospiraceae,ASF356,
15759,Bacteria,Bacteroidota,Bacteroidia,Bacteroidales,Prevotellaceae,Paraprevotella,
1584,Bacteria,Actinobacteriota,Actinobacteria,Propionibacteriales,Propionibacteriaceae,Cutibacterium,
15859,Bacteria,Firmicutes,Clostridia,Oscillospirales,Ruminococcaceae,Harryflintia,
15924,Bacteria,Deinococcota,Deinococci,Deinococcales,Deinococcaceae,Deinococcus,planocerae;
16015,Bacteria,Actinobacteriota,Actinobacteria,Bifidobacteriales,Bifidobacteriaceae,Aeriscardovia,
16058,Bacteria,Actinobacteriota,Coriobacteriia,Coriobacteriales,Eggerthellaceae,Adlercreutzia,
16087,Bacteria,Bacteroidota,Bacteroidia,Bacteroidales,Bacteroidaceae,Bacteroides,caecigallinarum;
16316,Bacteria,Actinobacteriota,Actinobacteria,Corynebacteriales,Corynebacteriaceae,Lawsonella,
16350,Bacteria,Firmicutes,Clostridia,Oscillospirales,Oscillospiraceae,UCG-007,
16487,Bacteria,Firmicutes,Bacilli,Lactobacillales,Lactobacillaceae,Lactobacillus,paragasseri;
16552,Bacteria,Firmicutes,Clostridia,Christensenellales,Christensenellaceae,Christensenella,massiliensis;
16573,Bacteria,Firmicutes,Clostridia,Lachnospirales,Lachnospiraceae,Catenibacillus,
16584,Bacteria,Verrucomicrobiota,Verrucomicrobiae,Verrucomicrobiales,Akkermansiaceae,Akkermansia,
1665,Bacteria,Firmicutes,Bacilli,Bacillales,Bacillaceae,Bacillus,atrophaeus;
16667,Bacteria,Proteobacteria,Gammaproteobacteria,Burkholderiales,Oxalobacteraceae,Undibacterium,squillarum;
1672,Bacteria,Bacteroidota,Bacteroidia,Bacteroidales,Dysgonomonadaceae,Dysgonomonas,
16754,Bacteria,Firmicutes,Bacilli,Lactobacillales,Lactobacillaceae,,
16841,Bacteria,Actinobacteriota,Coriobacteriia,Coriobacteriales,Atopobiaceae,Olsenella,congonensis;
16874,Bacteria,Actinobacteriota,Actinobacteria,Frankiales,Geodermatophilaceae,Geodermatophilus,africanus;
17098,Bacteria,Proteobacteria,Alphaproteobacteria,Rhodobacterales,Rhodobacteraceae,Paracoccus,yeei;
17135,Bacteria,Firmicutes,Bacilli,Erysipelotrichales,Erysipelotrichaceae,Ileibacterium,valens;
17197,Bacteria,Proteobacteria,Gammaproteobacteria,Burkholderiales,Neisseriaceae,Neisseria,sicca;
172,Bacteria,Firmicutes,Clostridia,Lachnospirales,Lachnospiraceae,Roseburia,
17215,Bacteria,Firmicutes,Bacilli,Erysipelotrichales,Erysipelotrichaceae,Dubosiella,
17239,Bacteria,Actinobacteriota,Coriobacteriia,Coriobacteriales,Eggerthellaceae,DNF00809,
1725,Bacteria,Proteobacteria,Alphaproteobacteria,Rhizobiales,Beijerinckiaceae,,
17326,Bacteria,Firmicutes,Clostridia,Lachnospirales,Lachnospiraceae,Frisingicoccus,
175,Bacteria,Firmicutes,Clostridia,Clostridiales,Clostridiaceae,Clostridium sensu stricto 1,
17592,Bacteria,Firmicutes,Clostridia,Lachnospirales,Lachnospiraceae,[Bacteroides] pectinophilus group,
179,Bacteria,Proteobacteria,Gammaproteobacteria,Xanthomonadales,Xanthomonadaceae,Stenotrophomonas,
17999,Bacteria,Bacteroidota,Bacteroidia,Bacteroidales,Muribaculaceae,Muribaculum,
18074,Bacteria,Bacteroidota,Bacteroidia,Bacteroidales,Rikenellaceae,Rikenella,
18077,Bacteria,Firmicutes,Bacilli,Erysipelotrichales,Erysipelotrichaceae,Ileibacterium,
181,Bacteria,Firmicutes,Clostridia,Oscillospirales,Ruminococcaceae,[Eubacterium] siraeum group,
1813,Bacteria,Firmicutes,Bacilli,Lactobacillales,Lactobacillaceae,Weissella,cibaria;
1822,Bacteria,Firmicutes,Clostridia,Peptostreptococcales-Tissierellales,Anaerovoracaceae,Anaerovorax,
1827,Bacteria,Firmicutes,Bacilli,Lactobacillales,Lactobacillaceae,Lactobacillus,
1828,Bacteria,Proteobacteria,Gammaproteobacteria,Enterobacterales,Yersiniaceae,Rahnella1,
185,Bacteria,Proteobacteria,Alphaproteobacteria,Sphingomonadales,Sphingomonadaceae,Novosphingobium,
18507,Bacteria,Firmicutes,Clostridia,Lachnospirales,Lachnospiraceae,[Bacteroides] pectinophilus group,pectinophilus;
18538,Bacteria,Firmicutes,Bacilli,Erysipelotrichales,Erysipelatoclostridiaceae,,
18587,Bacteria,Firmicutes,Bacilli,Lactobacillales,Lactobacillaceae,HT002,
18594,Bacteria,Firmicutes,Clostridia,Lachnospirales,Lachnospiraceae,CAG-56,
18657,Bacteria,Firmicutes,Clostridia,Oscillospirales,Butyricicoccaceae,,
18692,Bacteria,Actinobacteriota,Coriobacteriia,Coriobacteriales,Atopobiaceae,Coriobacteriaceae UCG-002,
18791,Bacteria,Firmicutes,Clostridia,Lachnospirales,Lachnospiraceae,UC5-1-2E3,
1880,Bacteria,Firmicutes,Clostridia,Oscillospirales,Oscillospiraceae,,
18964,Bacteria,Bacteroidota,Bacteroidia,Bacteroidales,Williamwhitmaniaceae,,
18991,Bacteria,Proteobacteria,Alphaproteobacteria,Rhodobacterales,Rhodobacteraceae,Paracoccus,mutanolyticus;
1900,Bacteria,Firmicutes,Clostridia,Oscillospirales,Ruminococcaceae,Ruminococcus,flavefaciens;
19414,Bacteria,Proteobacteria,Alphaproteobacteria,Rhizobiales,Beijerinckiaceae,Methylobacterium-Methylorubrum,jeotgali;
1976,Bacteria,Bacteroidota,Bacteroidia,Bacteroidales,Bacteroidaceae,Bacteroides,uniformis;
1979,Bacteria,Actinobacteriota,Actinobacteria,Frankiales,Geodermatophilaceae,Blastococcus,
201,Bacteria,Firmicutes,Bacilli,Staphylococcales,Staphylococcaceae,Staphylococcus,
2091,Bacteria,Actinobacteriota,Actinobacteria,Bifidobacteriales,Bifidobacteriaceae,Bifidobacterium,choerinum;
21,Bacteria,Firmicutes,Clostridia,Lachnospirales,Lachnospiraceae,Blautia,
2170,Bacteria,Actinobacteriota,Actinobacteria,Propionibacteriales,Propionibacteriaceae,Cutibacterium,acnes;
2180,Bacteria,Firmicutes,Bacilli,Lactobacillales,Lactobacillaceae,Weissella,
222,Bacteria,Firmicutes,Bacilli,Erysipelotrichales,Erysipelatoclostridiaceae,Erysipelatoclostridium,
2232,Bacteria,Firmicutes,Bacilli,Lactobacillales,Lactobacillaceae,Lactobacillus,kefiranofaciens;
227,Bacteria,Firmicutes,Clostridia,Oscillospirales,Ruminococcaceae,Incertae Sedis,
2420,Bacteria,Proteobacteria,Gammaproteobacteria,Burkholderiales,Oxalobacteraceae,Oxalobacter,formigenes;
2446,Bacteria,Bacteroidota,Bacteroidia,Bacteroidales,Bacteroidaceae,Bacteroides,ovatus;
245,Bacteria,Proteobacteria,Gammaproteobacteria,Enterobacterales,Enterobacteriaceae,Escherichia-Shigella,
249,Bacteria,Firmicutes,Bacilli,Lactobacillales,Enterococcaceae,Enterococcus,
2569,Bacteria,Bacteroidota,Bacteroidia,Bacteroidales,Bacteroidaceae,Bacteroides,thetaiotaomicron;
257,Bacteria,Firmicutes,Clostridia,Lachnospirales,Lachnospiraceae,,
2647,Bacteria,Firmicutes,Clostridia,Oscillospirales,Ruminococcaceae,Anaerotruncus,
27,Bacteria,Firmicutes,Bacilli,Bacillales,Bacillaceae,Bacillus,
2734,Bacteria,Firmicutes,Clostridia,Lachnospirales,Lachnospiraceae,Lachnospiraceae UCG-004,
2744,Bacteria,Firmicutes,Bacilli,Lactobacillales,Enterococcaceae,Enterococcus,gallinarum;
2761,Bacteria,Proteobacteria,Gammaproteobacteria,Enterobacterales,Enterobacteriaceae,Enterobacillus,
28,Bacteria,Firmicutes,Bacilli,Bacillales,Bacillaceae,Bacillus,amyloliquefaciens;
2806,Bacteria,Bacteroidota,Bacteroidia,Bacteroidales,Rikenellaceae,Rikenellaceae RC9 gut group,
281,Bacteria,Firmicutes,Bacilli,Bacillales,Planococcaceae,Lysinibacillus,
283,Bacteria,Firmicutes,Clostridia,Oscillospirales,[Clostridium] methylpentosum group,,
2835,Bacteria,Actinobacteriota,Actinobacteria,Corynebacteriales,Corynebacteriaceae,Corynebacterium,genitalium;
285,Bacteria,Actinobacteriota,Actinobacteria,Propionibacteriales,Nocardioidaceae,Nocardioides,
2856,Bacteria,Actinobacteriota,Actinobacteria,Bifidobacteriales,Bifidobacteriaceae,Aeriscardovia,aeriphila;
289,Bacteria,Actinobacteriota,Actinobacteria,Pseudonocardiales,Pseudonocardiaceae,Pseudonocardia,
2905,Bacteria,Firmicutes,Bacilli,Lactobacillales,Lactobacillaceae,Lactobacillus,intestinalis;
296,Bacteria,Actinobacteriota,Coriobacteriia,Coriobacteriales,Coriobacteriaceae,Collinsella,
2999,Bacteria,Actinobacteriota,Actinobacteria,Propionibacteriales,Nocardioidaceae,Marmoricola,
30,Bacteria,Proteobacteria,Gammaproteobacteria,Enterobacterales,Yersiniaceae,Serratia,
302,Bacteria,Proteobacteria,Alphaproteobacteria,Rhizobiales,Beijerinckiaceae,Methylobacterium-Methylorubrum,
3037,Bacteria,Bacteroidota,Bacteroidia,Bacteroidales,Tannerellaceae,Parabacteroides,merdae;
3051,Bacteria,Proteobacteria,Alphaproteobacteria,Rhodospirillales,,,
3075,Bacteria,Firmicutes,Bacilli,Erysipelotrichales,Erysipelatoclostridiaceae,Erysipelotrichaceae UCG-003,
3130,Bacteria,Actinobacteriota,Actinobacteria,Frankiales,Geodermatophilaceae,Geodermatophilus,
3181,Bacteria,Firmicutes,Bacilli,Erysipelotrichales,Erysipelotrichaceae,Faecalitalea,cylindroides;
327,Bacteria,Firmicutes,Bacilli,Paenibacillales,Paenibacillaceae,Paenibacillus,
3292,Bacteria,Bacteroidota,Bacteroidia,Bacteroidales,Bacteroidaceae,Bacteroides,acidifaciens;
3327,Bacteria,Firmicutes,Clostridia,Lachnospirales,Lachnospiraceae,[Ruminococcus] torques group,
338,Bacteria,Actinobacteriota,Actinobacteria,Corynebacteriales,Corynebacteriaceae,Corynebacterium,
3436,Bacteria,Bacteroidota,Bacteroidia,Bacteroidales,Barnesiellaceae,Barnesiella,
3508,Bacteria,Firmicutes,Bacilli,Erysipelotrichales,Erysipelotrichaceae,Allobaculum,stercoricanis;
3512,Bacteria,Actinobacteriota,Actinobacteria,Corynebacteriales,Corynebacteriaceae,Corynebacterium,diphtheriae;
3537,Bacteria,Firmicutes,Clostridia,Lachnospirales,Lachnospiraceae,Tyzzerella,
356,Bacteria,Firmicutes,Bacilli,Lactobacillales,Enterococcaceae,Enterococcus,faecalis;
358,Bacteria,Firmicutes,Clostridia,Lachnospirales,Lachnospiraceae,[Eubacterium] fissicatena group,
36,Bacteria,Actinobacteriota,Actinobacteria,Bifidobacteriales,Bifidobacteriaceae,Bifidobacterium,
365,Bacteria,Actinobacteriota,Actinobacteria,Corynebacteriales,Nocardiaceae,Rhodococcus,
3714,Bacteria,Firmicutes,Bacilli,Staphylococcales,Gemellaceae,Gemella,
3733,Bacteria,Firmicutes,Clostridia,Lachnospirales,Lachnospiraceae,Anaerosporobacter,
3776,Bacteria,Bacteroidota,Bacteroidia,Bacteroidales,Rikenellaceae,Alistipes,
38,Bacteria,Proteobacteria,Gammaproteobacteria,Pseudomonadales,Moraxellaceae,Acinetobacter,
394,Bacteria,Bacteroidota,Bacteroidia,Bacteroidales,Prevotellaceae,Prevotella_9,
3972,Bacteria,Firmicutes,Clostridia,Lachnospirales,Lachnospiraceae,Dorea,
4072,Bacteria,Firmicutes,Clostridia,Lachnospirales,Lachnospiraceae,Lachnospiraceae NK4A136 group,
408,Bacteria,Firmicutes,Bacilli,Bacillales,Bacillaceae,Bacillus,thuringiensis;
410,Bacteria,Firmicutes,Bacilli,Bacillales,Bacillaceae,Bacillus,subtilis;
4277,Bacteria,Actinobacteriota,Actinobacteria,Frankiales,Geodermatophilaceae,Geodermatophilus,obscurus;
4288,Bacteria,Firmicutes,Clostridia,Lachnospirales,Lachnospiraceae,Lachnospiraceae NK3A20 group,
4289,Bacteria,Elusimicrobiota,Elusimicrobia,Elusimicrobiales,Elusimicrobiaceae,Elusimicrobium,
4292,Bacteria,Firmicutes,Clostridia,Oscillospirales,Ruminococcaceae,Ruminococcus,
4316,Bacteria,Proteobacteria,Gammaproteobacteria,Enterobacterales,Enterobacteriaceae,Kosakonia,cowanii;
4353,Bacteria,Firmicutes,Clostridia,Peptostreptococcales-Tissierellales,Anaerovoracaceae,Family XIII AD3011 group,
4355,Bacteria,Firmicutes,Clostridia,Oscillospirales,UCG-010,,
44,Bacteria,Proteobacteria,Alphaproteobacteria,Rickettsiales,Mitochondria,,
4417,Bacteria,Actinobacteriota,Thermoleophilia,Solirubrobacterales,Solirubrobacteraceae,Solirubrobacter,
4429,Bacteria,Actinobacteriota,Actinobacteria,Micromonosporales,Micromonosporaceae,Actinoplanes,
4453,Bacteria,Firmicutes,Clostridia,Lachnospirales,Lachnospiraceae,Coprococcus,
4456,Bacteria,Proteobacteria,Alphaproteobacteria,Acetobacterales,Acetobacteraceae,,
4462,Bacteria,Firmicutes,Bacilli,Lactobacillales,Carnobacteriaceae,Granulicatella,
4497,Bacteria,Actinobacteriota,Coriobacteriia,Coriobacteriales,Eggerthellaceae,Eggerthella,
4532,Bacteria,Firmicutes,Clostridia,Oscillospirales,Ruminococcaceae,Paludicola,
4548,Bacteria,Firmicutes,Clostridia,Eubacteriales,Eubacteriaceae,Eubacterium,
4609,Bacteria,Actinobacteriota,Actinobacteria,Bifidobacteriales,Bifidobacteriaceae,Bifidobacterium,animalis;
4638,Bacteria,Actinobacteriota,Actinobacteria,Corynebacteriales,Nocardiaceae,Rhodococcus,rhodnii;
468,Bacteria,Actinobacteriota,Actinobacteria,Micrococcales,Micrococcaceae,Micrococcus,luteus;
4690,Bacteria,Proteobacteria,Gammaproteobacteria,Enterobacterales,Pasteurellaceae,Haemophilus,
4724,Bacteria,Firmicutes,Clostridia,Lachnospirales,Lachnospiraceae,[Eubacterium] ruminantium group,
4747,Bacteria,Firmicutes,Clostridia,,,,
4772,Bacteria,Actinobacteriota,Coriobacteriia,Coriobacteriales,Eggerthellaceae,Gordonibacter,
4775,Bacteria,Bacteroidota,Bacteroidia,Bacteroidales,Rikenellaceae,Alistipes,finegoldii;
4780,Bacteria,Firmicutes,Clostridia,Monoglobales,Monoglobaceae,Monoglobus,
4819,Bacteria,Gemmatimonadota,Gemmatimonadetes,Gemmatimonadales,Gemmatimonadaceae,Gemmatimonas,
485,Bacteria,Firmicutes,Bacilli,Lactobacillales,Lactobacillaceae,Limosilactobacillus,
4886,Bacteria,Firmicutes,Bacilli,Acholeplasmatales,Acholeplasmataceae,Anaeroplasma,
4892,Bacteria,Firmicutes,Clostridia,Lachnospirales,Lachnospiraceae,Lachnospiraceae XPB1014 group,
4895,Bacteria,Firmicutes,Clostridia,Lachnospirales,Lachnospiraceae,[Eubacterium] oxidoreducens group,
4910,Bacteria,Firmicutes,Clostridia,Lachnospirales,Lachnospiraceae,Marvinbryantia,
4944,Bacteria,Firmicutes,Clostridia,Oscillospirales,Oscillospiraceae,Colidextribacter,
4958,Bacteria,Firmicutes,Clostridia,Oscillospirales,Oscillospiraceae,UCG-005,
496,Bacteria,Cyanobacteria,Vampirivibrionia,Gastranaerophilales,,,
4970,Bacteria,Firmicutes,Clostridia,Oscillospirales,[Eubacterium] coprostanoligenes group,,
4992,Bacteria,Firmicutes,Bacilli,Erysipelotrichales,Erysipelotrichaceae,Turicibacter,
5103,Bacteria,Firmicutes,Clostridia,Peptostreptococcales-Tissierellales,Anaerovoracaceae,,
5127,Bacteria,Bacteroidota,Bacteroidia,Bacteroidales,Prevotellaceae,Alloprevotella,
5196,Bacteria,Firmicutes,Clostridia,Lachnospirales,Lachnospiraceae,Oribacterium,
524,Bacteria,Firmicutes,Bacilli,Staphylococcales,Staphylococcaceae,Staphylococcus,saprophyticus;
5243,Bacteria,Firmicutes,Clostridia,Lachnospirales,Lachnospiraceae,Moryella,
5296,Bacteria,Firmicutes,Clostridia,Oscillospirales,Ruminococcaceae,,
5317,Bacteria,Firmicutes,Clostridia,Oscillospirales,Ruminococcaceae,Faecalibacterium,
5318,Bacteria,Firmicutes,Clostridia,Lachnospirales,Lachnospiraceae,[Ruminococcus] gauvreauii group,
5356,Bacteria,Firmicutes,Clostridia,Clostridia vadinBB60 group,,,
5389,Bacteria,Firmicutes,Bacilli,Lactobacillales,Lactobacillaceae,Lactobacillus,ultunensis;
5392,Bacteria,Patescibacteria,Saccharimonadia,Saccharimonadales,,,
5396,Bacteria,Firmicutes,Clostridia,Lachnospirales,Lachnospiraceae,Shuttleworthia,
5437,Bacteria,Bacteroidota,Bacteroidia,Bacteroidales,Prevotellaceae,Prevotellaceae UCG-004,
55,Bacteria,Bacteroidota,Bacteroidia,Bacteroidales,Prevotellaceae,Prevotella,
5542,Bacteria,Firmicutes,Bacilli,Lactobacillales,Lactobacillaceae,Lactobacillus,kalixensis;
5579,Bacteria,Firmicutes,Bacilli,Lactobacillales,Lactobacillaceae,Lactobacillus,amylolyticus;
5607,Bacteria,Actinobacteriota,Actinobacteria,Actinomycetales,Actinomycetales Incertae Sedis,Candidatus Ancillula,
5618,Bacteria,Firmicutes,Bacilli,Lactobacillales,Streptococcaceae,Streptococcus,pluranimalium;
5636,Bacteria,Bacteroidota,Bacteroidia,Bacteroidales,Rs-E47 termite group,,
569,Bacteria,Firmicutes,Bacilli,Bacillales,Bacillaceae,Bacillus,velezensis;
5691,Bacteria,Firmicutes,Bacilli,Staphylococcales,Gemellaceae,Gemella,sanguinis;
5752,Bacteria,Firmicutes,Clostridia,Lachnospirales,Lachnospiraceae,Epulopiscium,
578,Bacteria,Firmicutes,Bacilli,Lactobacillales,Streptococcaceae,Lactococcus,
5839,Bacteria,Firmicutes,Clostridia,Oscillospirales,Oscillospiraceae,Papillibacter,
5855,Bacteria,Firmicutes,Clostridia,Peptostreptococcales-Tissierellales,Anaerovoracaceae,[Eubacterium] brachy group,
59,Bacteria,Bacteroidota,Bacteroidia,Bacteroidales,Marinifilaceae,Butyricimonas,
590,Bacteria,Proteobacteria,Gammaproteobacteria,Enterobacterales,Enterobacteriaceae,Salmonella,enterica;
5909,Bacteria,Firmicutes,Clostridia,Oscillospirales,Ruminococcaceae,Candidatus Soleaferrea,
5911,Bacteria,Actinobacteriota,Coriobacteriia,Coriobacteriales,Coriobacteriales Incertae Sedis,,
5955,Bacteria,Firmicutes,Clostridia,Oscillospirales,,,
60,Bacteria,Actinobacteriota,Actinobacteria,Streptomycetales,Streptomycetaceae,Streptomyces,
6028,Bacteria,Firmicutes,Bacilli,Bacillales,Planococcaceae,Sporosarcina,luteola;
6036,Bacteria,Firmicutes,Clostridia,Lachnospirales,Lachnospiraceae,Lachnospiraceae NC2004 group,
6046,Bacteria,Bacteroidota,Bacteroidia,Bacteroidales,Marinifilaceae,Odoribacter,
6075,Bacteria,Firmicutes,Clostridia,Lachnospirales,Lachnospiraceae,Lachnospiraceae AC2044 group,
6096,Bacteria,Firmicutes,Bacilli,Lactobacillales,Lactobacillaceae,Lactobacillus,taiwanensis;
6100,Bacteria,Firmicutes,Clostridia,Oscillospirales,Oscillospiraceae,Oscillibacter,
6149,Bacteria,Actinobacteriota,Coriobacteriia,Coriobacteriales,Coriobacteriales Incertae Sedis,Raoultibacter,
617,Bacteria,Actinobacteriota,Actinobacteria,Corynebacteriales,Mycobacteriaceae,Mycobacterium,
6217,Bacteria,Proteobacteria,Gammaproteobacteria,Burkholderiales,Chromobacteriaceae,Aquitalea,magnusonii;
6223,Bacteria,Bacteroidota,Bacteroidia,Bacteroidales,Muribaculaceae,,
6241,Bacteria,Bacteroidota,Bacteroidia,Bacteroidales,Rikenellaceae,Alistipes,shahii;
6338,Bacteria,Firmicutes,Clostridia,Oscillospirales,Butyricicoccaceae,Butyricicoccus,
6379,Bacteria,Proteobacteria,Alphaproteobacteria,Rhodobacterales,Rhodobacteraceae,Paracoccus,chinensis;
6385,Bacteria,Bacteroidota,Bacteroidia,Bacteroidales,Tannerellaceae,Parabacteroides,
6481,Bacteria,Firmicutes,Clostridia,Lachnospirales,Lachnospiraceae,Eisenbergiella,
6493,Bacteria,Firmicutes,Clostridia,Oscillospirales,Butyricicoccaceae,UCG-009,
6524,Bacteria,Firmicutes,Clostridia,Lachnospirales,Lachnospiraceae,Coprococcus,comes;
6570,Bacteria,Firmicutes,Clostridia,Lachnospirales,Lachnospiraceae,[Ruminococcus] gnavus group,
6637,Bacteria,Verrucomicrobiota,Verrucomicrobiae,Verrucomicrobiales,Akkermansiaceae,Akkermansia,muciniphila;
6669,Bacteria,Proteobacteria,Alphaproteobacteria,Rhizobiales,Devosiaceae,,
6684,Bacteria,Firmicutes,Clostridia,Oscillospirales,Ruminococcaceae,UBA1819,
6756,Bacteria,Firmicutes,Clostridia,Lachnospirales,Lachnospiraceae,Agathobacter,
68,Bacteria,Bacteroidota,Bacteroidia,Flavobacteriales,Flavobacteriaceae,,
6828,Bacteria,Firmicutes,Clostridia,Lachnospirales,Lachnospiraceae,Cellulosilyticum,
6830,Bacteria,Firmicutes,Clostridia,Lachnospirales,Lachnospiraceae,Anaerostipes,
687,Bacteria,Firmicutes,Bacilli,Lactobacillales,Lactobacillaceae,Lacticaseibacillus,
6910,Bacteria,Firmicutes,Clostridia,Eubacteriales,Anaerofustaceae,Anaerofustis,
6913,Bacteria,Firmicutes,Clostridia,Oscillospirales,Ruminococcaceae,CAG-352,
6972,Bacteria,Firmicutes,Clostridia,Lachnospirales,Lachnospiraceae,Lachnospiraceae ND3007 group,
7006,Bacteria,Firmicutes,Clostridia,Oscillospirales,Oscillospiraceae,V9D2013 group,
7045,Bacteria,Firmicutes,Negativicutes,Acidaminococcales,Acidaminococcaceae,Phascolarctobacterium,
7047,Bacteria,Firmicutes,Clostridia,Oscillospirales,Ruminococcaceae,Subdoligranulum,
7050,Bacteria,Firmicutes,Bacilli,Bacillales,Planococcaceae,Kurthia,
7058,Bacteria,Firmicutes,Clostridia,Lachnospirales,Lachnospiraceae,Tuzzerella,
707,Bacteria,Proteobacteria,Gammaproteobacteria,Burkholderiales,Neisseriaceae,Neisseria,
7086,Bacteria,Firmicutes,Clostridia,Peptostreptococcales-Tissierellales,Peptostreptococcaceae,Romboutsia,
7087,Bacteria,Firmicutes,Bacilli,Erysipelotrichales,Erysipelotrichaceae,Holdemanella,
7094,Bacteria,Actinobacteriota,Actinobacteria,Frankiales,Geodermatophilaceae,Modestobacter,versicolor;
7096,Bacteria,Firmicutes,Clostridia,Lachnospirales,Lachnospiraceae,Lachnospiraceae UCG-008,
7136,Bacteria,Actinobacteriota,Actinobacteria,Propionibacteriales,Propionibacteriaceae,Microlunatus,aurantiacus;
7138,Bacteria,Bacteroidota,Bacteroidia,Bacteroidales,Prevotellaceae,Prevotellaceae UCG-001,
7141,Bacteria,Firmicutes,Clostridia,Oscillospirales,Oscillospiraceae,Flavonifractor,
7176,Bacteria,Firmicutes,Clostridia,Lachnospirales,Lachnospiraceae,[Eubacterium] hallii group,
719,Bacteria,Proteobacteria,Alphaproteobacteria,Rhizobiales,Beijerinckiaceae,Microvirga,
7286,Bacteria,Bacteroidota,Bacteroidia,Bacteroidales,F082,,
731,Bacteria,Firmicutes,Bacilli,Bacillales,Bacillaceae,Bacillus,cohnii;
7316,Bacteria,Firmicutes,Clostridia,Oscillospirales,Oscillospiraceae,Oscillospira,
7328,Bacteria,Firmicutes,Bacilli,RF39,,,
7352,Bacteria,Bacteroidota,Bacteroidia,Bacteroidales,Prevotellaceae,,
74,Bacteria,Bacteroidota,Bacteroidia,Bacteroidales,Bacteroidaceae,Bacteroides,
7433,Bacteria,Deinococcota,Deinococci,Deinococcales,Deinococcaceae,Deinococcus,aetherius;
7449,Bacteria,Firmicutes,Clostridia,Oscillospirales,Ruminococcaceae,Negativibacillus,
7454,Bacteria,Bacteroidota,Bacteroidia,Bacteroidales,Rikenellaceae,,
76,Bacteria,Cyanobacteria,Cyanobacteriia,Chloroplast,,,
7688,Bacteria,Firmicutes,Clostridia,Lachnospirales,Defluviitaleaceae,Defluviitaleaceae UCG-011,
7716,Bacteria,Firmicutes,Bacilli,Lactobacillales,Lactobacillaceae,Lactobacillus,hominis;
7723,Bacteria,Firmicutes,Bacilli,Exiguobacterales,Exiguobacteraceae,Exiguobacterium,mexicanum;
7829,Bacteria,Firmicutes,Syntrophomonadia,Syntrophomonadales,Syntrophomonadaceae,Syntrophomonas,
8,Bacteria,Firmicutes,Clostridia,Peptostreptococcales-Tissierellales,Anaerovoracaceae,[Eubacterium] nodatum group,
8010,Bacteria,Firmicutes,Bacilli,Erysipelotrichales,Erysipelotrichaceae,Faecalitalea,
8072,Bacteria,Firmicutes,Bacilli,Lactobacillales,Streptococcaceae,Lactovum,
8095,Bacteria,Proteobacteria,Gammaproteobacteria,Burkholderiales,Oxalobacteraceae,Oxalobacter,
8098,Bacteria,Patescibacteria,Saccharimonadia,Saccharimonadales,Saccharimonadaceae,Candidatus Saccharimonas,
8219,Bacteria,Actinobacteriota,Actinobacteria,Micrococcales,Micrococcaceae,Kocuria,turfanensis;
8255,Bacteria,Firmicutes,Clostridia,Lachnospirales,Lachnospiraceae,Lachnospiraceae FCS020 group,
8270,Bacteria,Actinobacteriota,Actinobacteria,Propionibacteriales,Propionibacteriaceae,Aestuariimicrobium,
8295,Bacteria,Firmicutes,Bacilli,Staphylococcales,Gemellaceae,Gemella,haemolysans;
8347,Bacteria,Firmicutes,Bacilli,Lactobacillales,Lactobacillaceae,Lactobacillus,amylovorus;
838,Bacteria,Firmicutes,Bacilli,Lactobacillales,Lactobacillaceae,Lactobacillus,gallinarum;
8381,Bacteria,Proteobacteria,Gammaproteobacteria,Burkholderiales,Chromobacteriaceae,Aquitalea,pelogenes;
84,Bacteria,Proteobacteria,Gammaproteobacteria,Enterobacterales,Erwiniaceae,Pantoea,
8421,Bacteria,Firmicutes,Bacilli,Lactobacillales,Lactobacillaceae,Amylolactobacillus,
848,Bacteria,Firmicutes,Bacilli,Lactobacillales,Enterococcaceae,Enterococcus,faecium;
8497,Bacteria,Firmicutes,Clostridia,Peptococcales,Peptococcaceae,,
851,Bacteria,Firmicutes,Bacilli,Lactobacillales,Lactobacillaceae,Lactobacillus,gasseri;
8514,Bacteria,Firmicutes,Clostridia,Oscillospirales,Hydrogenoanaerobacterium,,
855,Bacteria,Firmicutes,Bacilli,Lactobacillales,Lactobacillaceae,Lactobacillus,acidophilus;
8550,Bacteria,Firmicutes,Clostridia,Caldicoprobacterales,Caldicoprobacteraceae,Caldicoprobacter,
859,Bacteria,Firmicutes,Bacilli,Lactobacillales,Lactobacillaceae,Ligilactobacillus,
8623,Bacteria,Firmicutes,Clostridia,Lachnospirales,Lachnospiraceae,Lachnospira,
8638,Bacteria,Firmicutes,Clostridia,Oscillospirales,Ruminococcaceae,Pygmaiobacter,
8652,Bacteria,Bacteroidota,Bacteroidia,Bacteroidales,Rikenellaceae,Rikenella,microfusus;
87,Bacteria,Actinobacteriota,Actinobacteria,Micrococcales,Microbacteriaceae,Microbacterium,
870,Bacteria,Firmicutes,Bacilli,Paenibacillales,Paenibacillaceae,Cohnella,
8722,Bacteria,Proteobacteria,Gammaproteobacteria,Enterobacterales,Enterobacteriaceae,Salmonella,bongori;
876,Bacteria,Firmicutes,Bacilli,Lactobacillales,Lactobacillaceae,Lactobacillus,johnsonii;
88,Bacteria,Proteobacteria,Gammaproteobacteria,Enterobacterales,Enterobacteriaceae,Kluyvera,
8910,Bacteria,Firmicutes,Clostridia,Lachnospirales,Lachnospiraceae,[Ruminococcus] torques group,lactaris;
893,Bacteria,Firmicutes,Bacilli,Bacillales,Planococcaceae,Solibacillus,
905,Bacteria,Proteobacteria,Gammaproteobacteria,Burkholderiales,Comamonadaceae,Delftia,
9071,Bacteria,Actinobacteriota,Coriobacteriia,Coriobacteriales,,,
91,Bacteria,Actinobacteriota,Coriobacteriia,Coriobacteriales,Atopobiaceae,Olsenella,
9171,Bacteria,Firmicutes,Clostridia,Lachnospirales,Lachnospiraceae,Sellimonas,
9341,Bacteria,Bacteroidota,Bacteroidia,Bacteroidales,Marinifilaceae,Odoribacter,splanchnicus;
9360,Bacteria,Firmicutes,Clostridia,Oscillospirales,Ruminococcaceae,Anaerofilum,
945,Bacteria,Firmicutes,Bacilli,Exiguobacterales,Exiguobacteraceae,Exiguobacterium,
9517,Bacteria,Proteobacteria,Alphaproteobacteria,Azospirillales,Azospirillaceae,Skermanella,
9519,Bacteria,Proteobacteria,Gammaproteobacteria,Burkholderiales,Sutterellaceae,Parasutterella,
955,Bacteria,Firmicutes,Bacilli,Lactobacillales,Lactobacillaceae,Lactobacillus,helveticus;
9574,Bacteria,Firmicutes,Bacilli,Erysipelotrichales,Erysipelotrichaceae,,
961,Bacteria,Proteobacteria,Alphaproteobacteria,Rhodobacterales,Rhodobacteraceae,Paracoccus,
9661,Bacteria,Firmicutes,Clostridia,Oscillospirales,Oscillospiraceae,UCG-002,
9668,Bacteria,Firmicutes,Clostridia,Christensenellales,Christensenellaceae,,
9678,Bacteria,Firmicutes,Bacilli,Erysipelotrichales,Erysipelatoclostridiaceae,Catenibacterium,
9765,Bacteria,Actinobacteriota,Coriobacteriia,Coriobacteriales,Eggerthellaceae,Enterorhabdus,
9868,Bacteria,Bacteroidota,Bacteroidia,Bacteroidales,Prevotellaceae,Prevotellaceae NK3B31 group,
9950,Bacteria,Bacteroidota,Bacteroidia,Bacteroidales,Muribaculaceae,Muribaculum,intestinale;
19560,Eukaryota,,,,,,
unassigned,,,,,,,